YearTrunk,LSOA11CD,17-18,17-18,17-18,17-18,17-18,17-18,17-18,17-18,17-18,17-18,17-18,17-18,18-19,18-19,18-19,18-19,18-19,18-19,18-19,18-19,18-19,18-19,18-19,18-19,19-20,19-20,19-20,19-20,19-20,19-20,19-20,19-20,19-20,19-20,19-20,19-20,20-21,20-21,20-21,20-21,20-21,20-21,20-21,20-21,20-21,20-21,20-21,20-21,21-22,21-22,21-22,21-22,21-22,21-22,21-22,21-22,21-22,21-22,21-22,21-22
incident_start_month,,April,May,June,July,August,September,October,November,December,January,February,March,April,May,June,July,August,September,October,November,December,January,February,March,April,May,June,July,August,September,October,November,December,January,February,March,April,May,June,July,August,September,October,November,December,January,February,March,April,May,June,July,August,September,October,November,December,January,February,March
0,E01010568,0.0,1.0,0.0,0.0,1.0,0.0,1.0,0.0,0.0,1.0,0.0,1.0,1.0,0.0,2.0,4.0,0.0,3.0,0.0,1.0,3.0,1.0,1.0,0.0,1.0,0.0,0.0,0.0,1.0,1.0,1.0,0.0,0.0,1.0,0.0,1.0,0.0,1.0,2.0,4.0,1.0,1.0,0.0,2.0,5.0,2.0,1.0,0.0,0.0,1.0,0.0,0.0,0.0,0.0,0.0,1.0,0.0,2.0,0.0,1.0
1,E01010569,2.0,2.0,2.0,1.0,3.0,2.0,3.0,1.0,3.0,4.0,0.0,0.0,0.0,0.0,2.0,1.0,0.0,3.0,1.0,1.0,1.0,2.0,0.0,0.0,3.0,3.0,0.0,1.0,0.0,3.0,4.0,0.0,2.0,1.0,1.0,3.0,0.0,2.0,1.0,0.0,3.0,0.0,2.0,1.0,1.0,0.0,4.0,2.0,3.0,0.0,2.0,1.0,0.0,3.0,2.0,3.0,1.0,1.0,2.0,4.0
2,E01010570,0.0,0.0,0.0,0.0,0.0,0.0,0.0,0.0,0.0,0.0,0.0,0.0,0.0,1.0,0.0,0.0,1.0,0.0,0.0,0.0,0.0,0.0,0.0,0.0,0.0,0.0,0.0,0.0,0.0,0.0,0.0,1.0,1.0,0.0,0.0,0.0,0.0,0.0,0.0,0.0,2.0,0.0,1.0,0.0,0.0,2.0,1.0,3.0,1.0,3.0,0.0,0.0,2.0,0.0,0.0,0.0,0.0,0.0,0.0,0.0
3,E01010571,2.0,0.0,2.0,0.0,0.0,0.0,0.0,0.0,0.0,0.0,1.0,3.0,2.0,1.0,0.0,0.0,1.0,1.0,0.0,3.0,1.0,1.0,0.0,0.0,0.0,1.0,1.0,1.0,1.0,2.0,1.0,1.0,1.0,1.0,1.0,4.0,3.0,11.0,9.0,1.0,3.0,5.0,5.0,3.0,0.0,3.0,1.0,5.0,0.0,4.0,1.0,5.0,1.0,0.0,1.0,0.0,0.0,1.0,0.0,0.0
4,E01010572,0.0,1.0,1.0,0.0,0.0,1.0,0.0,0.0,0.0,0.0,0.0,0.0,0.0,0.0,1.0,0.0,0.0,0.0,0.0,0.0,0.0,0.0,1.0,0.0,0.0,0.0,0.0,0.0,1.0,2.0,4.0,0.0,0.0,1.0,0.0,0.0,0.0,0.0,0.0,0.0,1.0,0.0,0.0,0.0,1.0,0.0,0.0,0.0,0.0,2.0,2.0,0.0,3.0,0.0,0.0,0.0,0.0,0.0,0.0,0.0
5,E01010573,0.0,0.0,0.0,0.0,1.0,0.0,0.0,0.0,0.0,0.0,1.0,0.0,1.0,1.0,1.0,0.0,0.0,1.0,0.0,0.0,0.0,1.0,0.0,0.0,0.0,0.0,0.0,0.0,0.0,0.0,2.0,0.0,0.0,0.0,0.0,0.0,0.0,1.0,1.0,1.0,0.0,1.0,0.0,0.0,1.0,0.0,1.0,1.0,0.0,1.0,1.0,0.0,0.0,0.0,1.0,0.0,0.0,1.0,3.0,0.0
6,E01010574,1.0,1.0,0.0,0.0,1.0,1.0,0.0,0.0,1.0,0.0,0.0,0.0,1.0,0.0,1.0,0.0,0.0,0.0,0.0,0.0,0.0,0.0,1.0,0.0,0.0,0.0,0.0,0.0,2.0,3.0,1.0,1.0,0.0,0.0,1.0,0.0,0.0,0.0,1.0,0.0,0.0,0.0,0.0,0.0,0.0,0.0,0.0,0.0,0.0,0.0,1.0,0.0,0.0,0.0,2.0,0.0,0.0,0.0,0.0,0.0
7,E01010575,1.0,0.0,0.0,0.0,1.0,0.0,1.0,0.0,1.0,0.0,0.0,0.0,1.0,2.0,0.0,1.0,0.0,2.0,0.0,0.0,2.0,1.0,1.0,1.0,0.0,0.0,0.0,0.0,0.0,0.0,1.0,1.0,0.0,2.0,0.0,1.0,1.0,1.0,0.0,0.0,0.0,0.0,0.0,1.0,0.0,1.0,1.0,0.0,1.0,2.0,0.0,3.0,0.0,1.0,0.0,0.0,0.0,0.0,3.0,2.0
8,E01010576,2.0,4.0,3.0,1.0,0.0,0.0,2.0,1.0,0.0,0.0,0.0,0.0,0.0,0.0,0.0,0.0,0.0,0.0,0.0,0.0,0.0,0.0,0.0,0.0,0.0,0.0,0.0,0.0,0.0,1.0,0.0,0.0,0.0,2.0,0.0,2.0,2.0,1.0,0.0,0.0,0.0,0.0,0.0,0.0,0.0,0.0,0.0,0.0,0.0,0.0,0.0,1.0,0.0,1.0,2.0,0.0,0.0,0.0,0.0,0.0
9,E01010577,0.0,0.0,1.0,0.0,0.0,0.0,0.0,0.0,0.0,0.0,0.0,0.0,1.0,2.0,0.0,1.0,0.0,1.0,0.0,0.0,0.0,0.0,0.0,1.0,0.0,0.0,0.0,0.0,0.0,0.0,3.0,0.0,0.0,1.0,0.0,0.0,0.0,1.0,1.0,0.0,1.0,1.0,0.0,0.0,1.0,0.0,0.0,0.0,0.0,0.0,0.0,0.0,1.0,2.0,0.0,0.0,0.0,1.0,0.0,0.0
10,E01010578,0.0,0.0,0.0,1.0,0.0,2.0,1.0,0.0,1.0,1.0,0.0,0.0,1.0,0.0,0.0,4.0,4.0,1.0,2.0,0.0,1.0,0.0,1.0,2.0,0.0,0.0,0.0,0.0,0.0,1.0,0.0,0.0,1.0,0.0,2.0,1.0,0.0,0.0,1.0,0.0,0.0,2.0,1.0,0.0,1.0,1.0,0.0,3.0,2.0,5.0,2.0,0.0,0.0,2.0,0.0,3.0,0.0,3.0,0.0,2.0
11,E01010579,0.0,0.0,1.0,1.0,0.0,0.0,1.0,1.0,1.0,0.0,0.0,2.0,1.0,0.0,0.0,3.0,2.0,2.0,1.0,0.0,0.0,1.0,0.0,0.0,1.0,1.0,0.0,1.0,1.0,1.0,0.0,0.0,1.0,0.0,2.0,0.0,0.0,0.0,0.0,0.0,0.0,0.0,1.0,0.0,1.0,0.0,0.0,2.0,0.0,0.0,1.0,0.0,1.0,1.0,0.0,1.0,0.0,0.0,0.0,0.0
12,E01010580,0.0,1.0,1.0,0.0,0.0,1.0,0.0,0.0,0.0,0.0,0.0,0.0,0.0,2.0,1.0,0.0,1.0,1.0,0.0,1.0,1.0,1.0,0.0,0.0,0.0,0.0,0.0,0.0,0.0,0.0,0.0,0.0,1.0,0.0,0.0,0.0,1.0,0.0,1.0,0.0,0.0,0.0,0.0,0.0,0.0,0.0,0.0,1.0,0.0,0.0,0.0,0.0,0.0,1.0,0.0,0.0,0.0,0.0,0.0,0.0
13,E01010581,0.0,0.0,0.0,0.0,1.0,0.0,0.0,0.0,1.0,0.0,0.0,0.0,0.0,1.0,0.0,0.0,0.0,0.0,0.0,0.0,0.0,0.0,0.0,2.0,1.0,1.0,0.0,0.0,0.0,0.0,1.0,0.0,1.0,0.0,1.0,0.0,1.0,0.0,0.0,1.0,0.0,0.0,0.0,1.0,0.0,0.0,0.0,0.0,0.0,0.0,1.0,2.0,0.0,0.0,0.0,0.0,0.0,1.0,1.0,0.0
14,E01010582,0.0,0.0,0.0,0.0,0.0,0.0,0.0,3.0,0.0,0.0,0.0,0.0,0.0,0.0,0.0,0.0,1.0,2.0,0.0,0.0,0.0,0.0,0.0,0.0,0.0,0.0,1.0,1.0,0.0,0.0,0.0,0.0,0.0,1.0,1.0,0.0,0.0,0.0,2.0,1.0,8.0,7.0,12.0,4.0,17.0,1.0,3.0,2.0,0.0,0.0,0.0,0.0,0.0,2.0,0.0,1.0,0.0,1.0,0.0,0.0
15,E01010583,4.0,4.0,3.0,1.0,4.0,4.0,5.0,3.0,1.0,4.0,4.0,2.0,4.0,3.0,2.0,1.0,5.0,3.0,1.0,6.0,0.0,4.0,0.0,1.0,1.0,1.0,0.0,0.0,1.0,0.0,3.0,2.0,1.0,1.0,2.0,2.0,0.0,0.0,1.0,1.0,2.0,0.0,0.0,1.0,1.0,2.0,3.0,1.0,0.0,0.0,0.0,1.0,0.0,1.0,0.0,0.0,1.0,2.0,0.0,1.0
16,E01010584,1.0,3.0,4.0,0.0,2.0,1.0,0.0,1.0,0.0,0.0,2.0,0.0,1.0,1.0,0.0,0.0,0.0,2.0,0.0,0.0,0.0,1.0,1.0,3.0,2.0,2.0,0.0,3.0,2.0,0.0,1.0,0.0,5.0,2.0,0.0,2.0,1.0,0.0,2.0,1.0,0.0,0.0,1.0,2.0,1.0,3.0,3.0,2.0,3.0,1.0,3.0,3.0,2.0,0.0,0.0,2.0,0.0,1.0,2.0,1.0
17,E01010585,6.0,0.0,0.0,1.0,0.0,1.0,0.0,1.0,2.0,0.0,1.0,1.0,0.0,1.0,1.0,1.0,1.0,2.0,2.0,3.0,1.0,0.0,0.0,1.0,1.0,0.0,2.0,0.0,0.0,1.0,2.0,3.0,1.0,0.0,1.0,0.0,0.0,0.0,0.0,0.0,1.0,1.0,0.0,0.0,1.0,4.0,0.0,1.0,1.0,0.0,0.0,3.0,1.0,2.0,1.0,0.0,0.0,0.0,0.0,0.0
18,E01010586,0.0,0.0,0.0,0.0,0.0,0.0,0.0,0.0,0.0,0.0,0.0,0.0,0.0,0.0,0.0,0.0,0.0,0.0,1.0,0.0,0.0,0.0,0.0,0.0,1.0,0.0,0.0,0.0,1.0,0.0,1.0,0.0,0.0,0.0,0.0,0.0,0.0,0.0,0.0,0.0,0.0,0.0,0.0,0.0,0.0,0.0,0.0,0.0,0.0,0.0,0.0,0.0,0.0,0.0,0.0,0.0,2.0,1.0,1.0,0.0
19,E01010587,0.0,0.0,0.0,0.0,0.0,1.0,0.0,1.0,1.0,0.0,1.0,1.0,0.0,0.0,1.0,1.0,0.0,0.0,0.0,2.0,0.0,0.0,0.0,0.0,0.0,0.0,0.0,1.0,1.0,0.0,1.0,0.0,0.0,0.0,0.0,0.0,1.0,4.0,0.0,0.0,2.0,0.0,5.0,1.0,0.0,1.0,0.0,0.0,0.0,1.0,0.0,1.0,1.0,4.0,1.0,0.0,0.0,1.0,0.0,1.0
20,E01010588,0.0,0.0,0.0,0.0,0.0,0.0,1.0,1.0,1.0,0.0,0.0,0.0,0.0,0.0,0.0,0.0,1.0,1.0,0.0,1.0,0.0,0.0,1.0,2.0,4.0,0.0,1.0,3.0,0.0,0.0,2.0,0.0,1.0,2.0,3.0,0.0,0.0,5.0,3.0,2.0,2.0,3.0,4.0,3.0,0.0,4.0,2.0,6.0,5.0,1.0,4.0,4.0,4.0,6.0,7.0,1.0,0.0,1.0,0.0,0.0
21,E01010589,0.0,1.0,0.0,0.0,0.0,0.0,1.0,0.0,0.0,0.0,0.0,1.0,1.0,0.0,0.0,1.0,1.0,0.0,1.0,0.0,0.0,0.0,0.0,0.0,0.0,1.0,0.0,0.0,0.0,0.0,0.0,0.0,0.0,1.0,0.0,0.0,0.0,0.0,0.0,4.0,2.0,1.0,0.0,0.0,0.0,0.0,0.0,0.0,1.0,0.0,0.0,0.0,0.0,1.0,0.0,0.0,0.0,0.0,0.0,0.0
22,E01010590,1.0,0.0,3.0,0.0,0.0,0.0,3.0,0.0,0.0,0.0,0.0,0.0,4.0,1.0,14.0,5.0,2.0,1.0,2.0,1.0,1.0,1.0,0.0,1.0,0.0,1.0,1.0,0.0,0.0,0.0,0.0,0.0,0.0,0.0,1.0,1.0,0.0,1.0,1.0,0.0,0.0,0.0,1.0,1.0,3.0,0.0,0.0,0.0,0.0,2.0,0.0,2.0,0.0,1.0,1.0,1.0,1.0,0.0,1.0,0.0
23,E01010591,0.0,0.0,0.0,0.0,1.0,0.0,0.0,0.0,0.0,0.0,0.0,0.0,0.0,0.0,1.0,2.0,2.0,0.0,1.0,0.0,2.0,0.0,0.0,1.0,0.0,0.0,1.0,0.0,2.0,0.0,0.0,0.0,0.0,2.0,0.0,0.0,0.0,1.0,1.0,0.0,0.0,0.0,0.0,3.0,0.0,1.0,1.0,3.0,0.0,1.0,1.0,0.0,0.0,0.0,0.0,0.0,0.0,0.0,0.0,1.0
24,E01010592,0.0,0.0,1.0,0.0,1.0,0.0,0.0,0.0,0.0,0.0,0.0,1.0,0.0,0.0,0.0,0.0,0.0,0.0,0.0,0.0,0.0,0.0,0.0,0.0,0.0,0.0,0.0,0.0,0.0,0.0,0.0,0.0,0.0,0.0,0.0,1.0,0.0,1.0,1.0,1.0,0.0,0.0,0.0,0.0,0.0,0.0,0.0,0.0,1.0,0.0,0.0,0.0,1.0,0.0,0.0,0.0,2.0,1.0,0.0,0.0
25,E01010593,0.0,0.0,1.0,0.0,0.0,0.0,0.0,0.0,0.0,0.0,0.0,1.0,0.0,0.0,0.0,2.0,0.0,0.0,0.0,0.0,1.0,0.0,0.0,0.0,0.0,0.0,1.0,0.0,3.0,0.0,0.0,0.0,0.0,1.0,0.0,1.0,0.0,1.0,1.0,0.0,1.0,2.0,0.0,0.0,0.0,0.0,1.0,0.0,0.0,1.0,1.0,0.0,0.0,0.0,1.0,0.0,1.0,0.0,1.0,0.0
26,E01010594,0.0,0.0,1.0,0.0,0.0,0.0,0.0,0.0,0.0,0.0,0.0,0.0,0.0,1.0,1.0,2.0,0.0,0.0,0.0,1.0,0.0,0.0,0.0,1.0,1.0,1.0,0.0,0.0,0.0,2.0,3.0,0.0,1.0,2.0,0.0,0.0,0.0,1.0,1.0,1.0,0.0,1.0,1.0,0.0,1.0,1.0,0.0,2.0,0.0,0.0,0.0,0.0,0.0,0.0,0.0,0.0,1.0,0.0,0.0,0.0
27,E01010595,0.0,3.0,1.0,0.0,1.0,1.0,1.0,0.0,1.0,0.0,0.0,1.0,2.0,1.0,0.0,1.0,0.0,2.0,3.0,4.0,1.0,3.0,0.0,0.0,3.0,0.0,0.0,1.0,0.0,3.0,1.0,2.0,4.0,3.0,2.0,1.0,2.0,2.0,3.0,1.0,1.0,0.0,0.0,0.0,0.0,1.0,3.0,2.0,1.0,1.0,1.0,0.0,0.0,0.0,2.0,2.0,1.0,1.0,2.0,2.0
28,E01010596,0.0,1.0,1.0,1.0,0.0,0.0,1.0,2.0,0.0,0.0,0.0,0.0,0.0,0.0,1.0,0.0,0.0,1.0,2.0,0.0,1.0,1.0,0.0,1.0,1.0,1.0,0.0,2.0,0.0,0.0,0.0,0.0,0.0,1.0,0.0,0.0,4.0,1.0,0.0,2.0,0.0,2.0,0.0,0.0,0.0,0.0,0.0,1.0,2.0,0.0,1.0,0.0,1.0,1.0,1.0,0.0,1.0,1.0,1.0,2.0
29,E01010597,2.0,1.0,1.0,1.0,1.0,0.0,1.0,8.0,8.0,11.0,5.0,14.0,2.0,2.0,0.0,0.0,1.0,1.0,0.0,0.0,2.0,0.0,1.0,0.0,0.0,0.0,0.0,2.0,0.0,0.0,1.0,0.0,0.0,0.0,1.0,1.0,0.0,2.0,0.0,1.0,1.0,0.0,2.0,0.0,0.0,0.0,0.0,0.0,0.0,2.0,0.0,1.0,0.0,1.0,0.0,0.0,1.0,1.0,1.0,1.0
30,E01010598,0.0,0.0,0.0,0.0,0.0,0.0,0.0,0.0,0.0,0.0,0.0,0.0,0.0,2.0,1.0,0.0,1.0,0.0,1.0,1.0,0.0,0.0,1.0,0.0,0.0,1.0,0.0,1.0,1.0,0.0,0.0,0.0,0.0,0.0,1.0,1.0,0.0,0.0,1.0,0.0,0.0,0.0,0.0,0.0,1.0,0.0,0.0,0.0,0.0,0.0,1.0,2.0,1.0,0.0,0.0,1.0,0.0,1.0,0.0,0.0
31,E01010599,0.0,1.0,0.0,0.0,0.0,0.0,0.0,0.0,0.0,0.0,0.0,2.0,1.0,0.0,2.0,0.0,0.0,0.0,0.0,0.0,0.0,0.0,0.0,0.0,0.0,1.0,0.0,0.0,0.0,0.0,1.0,0.0,0.0,0.0,1.0,1.0,3.0,2.0,2.0,0.0,3.0,1.0,0.0,0.0,1.0,0.0,3.0,0.0,1.0,0.0,0.0,0.0,0.0,1.0,0.0,0.0,0.0,1.0,0.0,1.0
32,E01010600,0.0,0.0,0.0,0.0,0.0,1.0,2.0,0.0,0.0,0.0,0.0,1.0,0.0,1.0,1.0,0.0,0.0,0.0,2.0,0.0,1.0,0.0,1.0,0.0,0.0,0.0,0.0,0.0,0.0,0.0,0.0,0.0,1.0,0.0,0.0,0.0,0.0,0.0,0.0,0.0,0.0,2.0,3.0,0.0,0.0,3.0,3.0,1.0,2.0,1.0,0.0,0.0,0.0,1.0,0.0,1.0,0.0,0.0,2.0,0.0
33,E01010601,4.0,0.0,4.0,1.0,0.0,3.0,0.0,0.0,1.0,3.0,1.0,1.0,2.0,2.0,1.0,4.0,0.0,3.0,0.0,4.0,1.0,3.0,2.0,2.0,4.0,4.0,1.0,1.0,2.0,3.0,1.0,2.0,4.0,3.0,2.0,0.0,0.0,1.0,0.0,0.0,5.0,2.0,2.0,0.0,0.0,0.0,6.0,1.0,1.0,1.0,2.0,2.0,2.0,0.0,1.0,3.0,0.0,1.0,1.0,0.0
34,E01010602,0.0,0.0,1.0,0.0,0.0,1.0,0.0,0.0,0.0,0.0,0.0,2.0,0.0,0.0,0.0,0.0,1.0,3.0,3.0,0.0,4.0,2.0,1.0,0.0,2.0,2.0,0.0,3.0,4.0,0.0,0.0,0.0,0.0,3.0,0.0,2.0,0.0,0.0,0.0,1.0,0.0,0.0,2.0,0.0,2.0,0.0,0.0,2.0,0.0,1.0,1.0,4.0,7.0,3.0,0.0,0.0,0.0,0.0,0.0,1.0
35,E01010603,0.0,0.0,2.0,0.0,0.0,0.0,0.0,0.0,0.0,1.0,0.0,1.0,0.0,0.0,1.0,0.0,0.0,1.0,0.0,0.0,0.0,0.0,1.0,2.0,0.0,2.0,0.0,2.0,0.0,5.0,0.0,1.0,2.0,0.0,0.0,0.0,0.0,0.0,0.0,0.0,0.0,0.0,1.0,3.0,0.0,0.0,0.0,0.0,0.0,1.0,0.0,3.0,0.0,0.0,0.0,0.0,0.0,0.0,1.0,1.0
36,E01010604,0.0,0.0,1.0,0.0,1.0,0.0,0.0,0.0,1.0,3.0,0.0,0.0,0.0,1.0,1.0,1.0,0.0,1.0,0.0,5.0,1.0,0.0,3.0,0.0,1.0,2.0,1.0,3.0,3.0,2.0,2.0,1.0,0.0,1.0,2.0,1.0,0.0,2.0,4.0,1.0,2.0,1.0,0.0,2.0,1.0,1.0,1.0,2.0,2.0,2.0,2.0,1.0,0.0,2.0,1.0,1.0,1.0,3.0,1.0,1.0
37,E01010605,2.0,1.0,1.0,3.0,0.0,0.0,0.0,1.0,0.0,0.0,0.0,1.0,2.0,2.0,1.0,1.0,1.0,1.0,0.0,0.0,0.0,0.0,1.0,0.0,0.0,1.0,0.0,0.0,0.0,2.0,1.0,0.0,1.0,1.0,1.0,2.0,8.0,1.0,1.0,0.0,0.0,2.0,0.0,5.0,2.0,2.0,1.0,2.0,1.0,3.0,0.0,1.0,0.0,0.0,1.0,0.0,0.0,0.0,1.0,0.0
38,E01010606,1.0,4.0,0.0,2.0,4.0,0.0,2.0,2.0,1.0,1.0,0.0,2.0,3.0,8.0,15.0,10.0,3.0,3.0,0.0,1.0,0.0,2.0,4.0,3.0,2.0,3.0,0.0,0.0,1.0,0.0,0.0,2.0,0.0,4.0,1.0,1.0,1.0,2.0,4.0,1.0,0.0,1.0,0.0,2.0,1.0,1.0,5.0,0.0,0.0,3.0,1.0,2.0,1.0,0.0,3.0,1.0,2.0,0.0,0.0,1.0
39,E01010607,2.0,0.0,0.0,2.0,0.0,0.0,1.0,0.0,0.0,2.0,5.0,2.0,0.0,1.0,1.0,2.0,0.0,1.0,1.0,2.0,2.0,0.0,0.0,0.0,1.0,1.0,1.0,1.0,0.0,0.0,1.0,1.0,2.0,0.0,2.0,0.0,0.0,0.0,0.0,0.0,0.0,0.0,0.0,0.0,1.0,0.0,0.0,1.0,0.0,0.0,0.0,2.0,2.0,0.0,1.0,0.0,1.0,2.0,0.0,1.0
40,E01010608,1.0,1.0,0.0,0.0,1.0,1.0,0.0,1.0,0.0,1.0,0.0,0.0,0.0,0.0,0.0,1.0,0.0,2.0,0.0,0.0,1.0,1.0,0.0,0.0,0.0,0.0,1.0,0.0,0.0,1.0,1.0,1.0,2.0,1.0,2.0,0.0,0.0,0.0,0.0,0.0,3.0,0.0,0.0,0.0,1.0,0.0,2.0,0.0,0.0,1.0,0.0,2.0,0.0,0.0,0.0,0.0,0.0,0.0,1.0,1.0
41,E01010609,1.0,0.0,2.0,1.0,0.0,1.0,4.0,2.0,1.0,0.0,1.0,1.0,0.0,1.0,2.0,1.0,0.0,1.0,0.0,0.0,4.0,2.0,0.0,2.0,2.0,0.0,4.0,0.0,4.0,1.0,1.0,2.0,1.0,3.0,0.0,0.0,1.0,0.0,3.0,4.0,0.0,2.0,1.0,1.0,2.0,1.0,1.0,0.0,2.0,0.0,1.0,0.0,2.0,1.0,1.0,1.0,0.0,1.0,0.0,3.0
42,E01010610,3.0,4.0,9.0,4.0,0.0,8.0,2.0,0.0,1.0,2.0,3.0,1.0,3.0,4.0,1.0,4.0,2.0,1.0,0.0,2.0,0.0,0.0,1.0,1.0,1.0,5.0,2.0,3.0,1.0,0.0,3.0,3.0,4.0,2.0,1.0,4.0,3.0,3.0,3.0,5.0,2.0,1.0,5.0,2.0,1.0,0.0,2.0,2.0,1.0,3.0,4.0,3.0,4.0,2.0,0.0,0.0,3.0,2.0,2.0,4.0
43,E01010611,1.0,1.0,0.0,1.0,2.0,0.0,2.0,2.0,1.0,3.0,1.0,1.0,2.0,1.0,1.0,1.0,0.0,2.0,1.0,1.0,0.0,1.0,2.0,1.0,0.0,1.0,1.0,0.0,1.0,1.0,2.0,0.0,0.0,3.0,3.0,1.0,1.0,0.0,2.0,2.0,2.0,1.0,0.0,2.0,1.0,1.0,1.0,4.0,1.0,1.0,0.0,0.0,0.0,0.0,1.0,1.0,2.0,1.0,1.0,2.0
44,E01010612,1.0,2.0,1.0,0.0,2.0,2.0,1.0,2.0,2.0,0.0,4.0,2.0,0.0,0.0,0.0,1.0,0.0,1.0,1.0,0.0,0.0,0.0,0.0,1.0,2.0,0.0,3.0,3.0,1.0,3.0,0.0,1.0,2.0,1.0,0.0,1.0,4.0,3.0,0.0,1.0,1.0,2.0,2.0,5.0,6.0,3.0,1.0,1.0,6.0,22.0,6.0,6.0,16.0,10.0,2.0,3.0,1.0,2.0,2.0,2.0
45,E01010613,1.0,1.0,0.0,1.0,0.0,2.0,1.0,3.0,2.0,1.0,2.0,0.0,0.0,2.0,1.0,1.0,2.0,3.0,3.0,3.0,2.0,1.0,2.0,1.0,1.0,7.0,1.0,1.0,1.0,1.0,4.0,3.0,1.0,3.0,0.0,2.0,0.0,1.0,2.0,0.0,2.0,1.0,1.0,2.0,3.0,0.0,4.0,0.0,0.0,2.0,2.0,1.0,0.0,3.0,0.0,2.0,2.0,1.0,1.0,2.0
46,E01010614,0.0,1.0,0.0,0.0,0.0,2.0,1.0,0.0,0.0,0.0,0.0,0.0,0.0,1.0,0.0,1.0,1.0,1.0,0.0,0.0,4.0,1.0,1.0,4.0,1.0,2.0,1.0,0.0,1.0,0.0,2.0,4.0,3.0,2.0,0.0,0.0,1.0,2.0,1.0,2.0,1.0,1.0,1.0,0.0,1.0,0.0,4.0,1.0,2.0,0.0,3.0,2.0,3.0,3.0,2.0,1.0,0.0,1.0,2.0,0.0
47,E01010615,0.0,0.0,1.0,2.0,0.0,3.0,1.0,0.0,0.0,0.0,0.0,0.0,0.0,2.0,1.0,0.0,0.0,0.0,0.0,0.0,0.0,0.0,1.0,1.0,0.0,2.0,0.0,4.0,0.0,0.0,1.0,1.0,0.0,1.0,2.0,0.0,1.0,3.0,2.0,0.0,2.0,0.0,1.0,0.0,1.0,1.0,0.0,1.0,0.0,0.0,2.0,0.0,3.0,3.0,1.0,0.0,0.0,0.0,1.0,1.0
48,E01010616,0.0,2.0,0.0,1.0,0.0,1.0,0.0,2.0,0.0,0.0,1.0,0.0,0.0,1.0,1.0,1.0,2.0,2.0,0.0,4.0,1.0,1.0,2.0,0.0,0.0,0.0,2.0,1.0,2.0,3.0,0.0,0.0,0.0,0.0,1.0,1.0,1.0,0.0,0.0,1.0,0.0,0.0,1.0,1.0,0.0,0.0,0.0,1.0,1.0,0.0,0.0,1.0,1.0,0.0,0.0,0.0,0.0,0.0,0.0,1.0
49,E01010617,6.0,5.0,1.0,1.0,1.0,5.0,4.0,2.0,0.0,3.0,4.0,6.0,9.0,4.0,8.0,3.0,6.0,0.0,3.0,2.0,4.0,3.0,3.0,2.0,2.0,3.0,2.0,5.0,3.0,3.0,0.0,2.0,2.0,1.0,4.0,9.0,4.0,2.0,2.0,5.0,1.0,1.0,0.0,3.0,4.0,2.0,2.0,0.0,0.0,1.0,5.0,5.0,6.0,11.0,8.0,3.0,0.0,2.0,1.0,3.0
50,E01010618,1.0,1.0,0.0,0.0,0.0,0.0,1.0,2.0,0.0,0.0,2.0,0.0,0.0,0.0,0.0,0.0,1.0,1.0,0.0,2.0,2.0,0.0,0.0,0.0,2.0,1.0,0.0,3.0,1.0,2.0,0.0,0.0,0.0,0.0,1.0,1.0,1.0,0.0,0.0,0.0,1.0,1.0,1.0,0.0,2.0,0.0,1.0,0.0,0.0,0.0,2.0,1.0,1.0,2.0,0.0,1.0,3.0,0.0,1.0,5.0
51,E01010619,0.0,0.0,0.0,0.0,2.0,0.0,4.0,0.0,2.0,1.0,3.0,1.0,0.0,1.0,0.0,1.0,0.0,2.0,0.0,2.0,2.0,0.0,2.0,0.0,0.0,0.0,0.0,0.0,1.0,0.0,0.0,0.0,0.0,0.0,0.0,0.0,1.0,0.0,0.0,1.0,0.0,0.0,3.0,0.0,2.0,1.0,0.0,1.0,0.0,1.0,0.0,2.0,1.0,0.0,0.0,0.0,1.0,1.0,1.0,0.0
52,E01010620,0.0,0.0,0.0,1.0,1.0,4.0,3.0,2.0,1.0,1.0,0.0,1.0,0.0,0.0,0.0,0.0,1.0,0.0,0.0,0.0,1.0,0.0,2.0,3.0,0.0,3.0,1.0,0.0,0.0,1.0,1.0,2.0,1.0,1.0,1.0,4.0,1.0,1.0,3.0,1.0,3.0,3.0,0.0,2.0,4.0,1.0,5.0,1.0,0.0,1.0,0.0,1.0,3.0,7.0,3.0,1.0,3.0,1.0,4.0,4.0
53,E01010621,2.0,0.0,0.0,0.0,0.0,0.0,0.0,0.0,1.0,4.0,1.0,0.0,1.0,2.0,1.0,0.0,0.0,1.0,0.0,2.0,1.0,0.0,0.0,0.0,0.0,0.0,0.0,2.0,2.0,0.0,0.0,0.0,0.0,0.0,0.0,1.0,1.0,0.0,0.0,1.0,1.0,0.0,0.0,1.0,1.0,1.0,0.0,3.0,0.0,0.0,1.0,1.0,0.0,0.0,0.0,0.0,0.0,2.0,0.0,1.0
54,E01010622,5.0,1.0,3.0,0.0,6.0,4.0,1.0,4.0,1.0,1.0,4.0,1.0,2.0,3.0,2.0,4.0,1.0,3.0,1.0,4.0,0.0,0.0,2.0,1.0,4.0,4.0,2.0,1.0,1.0,1.0,1.0,4.0,0.0,5.0,1.0,1.0,1.0,2.0,3.0,7.0,3.0,0.0,1.0,1.0,1.0,2.0,0.0,1.0,0.0,2.0,3.0,0.0,3.0,0.0,2.0,2.0,1.0,4.0,1.0,0.0
55,E01010623,0.0,1.0,1.0,1.0,1.0,0.0,0.0,0.0,1.0,0.0,0.0,0.0,1.0,2.0,1.0,0.0,0.0,3.0,1.0,2.0,0.0,1.0,1.0,0.0,0.0,3.0,3.0,1.0,4.0,2.0,0.0,1.0,1.0,1.0,0.0,1.0,2.0,3.0,0.0,1.0,0.0,1.0,1.0,0.0,1.0,0.0,0.0,0.0,0.0,2.0,1.0,1.0,2.0,1.0,4.0,2.0,6.0,3.0,2.0,0.0
56,E01010624,1.0,1.0,1.0,0.0,0.0,2.0,0.0,0.0,0.0,0.0,0.0,0.0,1.0,1.0,1.0,1.0,1.0,4.0,0.0,1.0,2.0,3.0,3.0,2.0,2.0,8.0,6.0,12.0,4.0,5.0,4.0,2.0,3.0,4.0,1.0,0.0,0.0,0.0,0.0,1.0,2.0,0.0,2.0,1.0,2.0,0.0,4.0,0.0,3.0,4.0,2.0,5.0,3.0,3.0,0.0,1.0,2.0,0.0,0.0,0.0
57,E01010625,3.0,2.0,0.0,0.0,2.0,0.0,1.0,1.0,0.0,0.0,1.0,3.0,0.0,0.0,0.0,0.0,0.0,0.0,1.0,1.0,0.0,0.0,0.0,2.0,0.0,1.0,1.0,0.0,1.0,0.0,0.0,0.0,0.0,0.0,0.0,2.0,0.0,0.0,2.0,0.0,3.0,0.0,4.0,0.0,0.0,0.0,0.0,0.0,3.0,0.0,0.0,1.0,0.0,4.0,1.0,1.0,1.0,0.0,1.0,1.0
58,E01010626,0.0,0.0,0.0,0.0,1.0,0.0,1.0,1.0,0.0,0.0,0.0,3.0,1.0,4.0,2.0,1.0,0.0,1.0,0.0,0.0,0.0,0.0,0.0,0.0,2.0,1.0,1.0,0.0,0.0,0.0,0.0,0.0,0.0,0.0,1.0,1.0,2.0,2.0,0.0,4.0,2.0,5.0,1.0,1.0,0.0,0.0,0.0,0.0,0.0,1.0,1.0,0.0,1.0,0.0,0.0,0.0,2.0,1.0,0.0,1.0
59,E01010627,0.0,1.0,2.0,2.0,0.0,0.0,1.0,0.0,1.0,0.0,0.0,0.0,1.0,0.0,0.0,1.0,0.0,2.0,2.0,0.0,0.0,0.0,1.0,1.0,0.0,2.0,2.0,1.0,0.0,0.0,0.0,0.0,2.0,0.0,0.0,0.0,0.0,1.0,0.0,0.0,1.0,1.0,1.0,0.0,2.0,0.0,1.0,1.0,0.0,1.0,3.0,5.0,0.0,1.0,0.0,1.0,1.0,0.0,2.0,1.0
60,E01010628,0.0,1.0,0.0,2.0,1.0,0.0,0.0,3.0,1.0,0.0,1.0,0.0,1.0,1.0,0.0,1.0,1.0,1.0,2.0,1.0,1.0,0.0,0.0,2.0,2.0,0.0,1.0,0.0,0.0,1.0,1.0,0.0,0.0,0.0,0.0,0.0,2.0,0.0,0.0,0.0,0.0,5.0,1.0,2.0,0.0,1.0,1.0,2.0,2.0,0.0,0.0,1.0,0.0,1.0,0.0,1.0,0.0,0.0,1.0,2.0
61,E01010629,0.0,0.0,0.0,1.0,0.0,1.0,0.0,0.0,0.0,0.0,0.0,0.0,1.0,1.0,0.0,0.0,0.0,0.0,0.0,0.0,0.0,0.0,1.0,0.0,0.0,0.0,0.0,1.0,0.0,2.0,1.0,0.0,1.0,1.0,0.0,0.0,0.0,0.0,0.0,0.0,0.0,1.0,1.0,2.0,4.0,5.0,4.0,4.0,2.0,3.0,6.0,2.0,0.0,0.0,0.0,1.0,0.0,1.0,3.0,0.0
62,E01010630,0.0,0.0,0.0,1.0,0.0,0.0,0.0,0.0,1.0,0.0,0.0,0.0,0.0,0.0,1.0,0.0,1.0,0.0,1.0,2.0,0.0,1.0,1.0,0.0,1.0,0.0,0.0,0.0,0.0,0.0,0.0,1.0,0.0,0.0,0.0,0.0,1.0,2.0,0.0,1.0,3.0,0.0,1.0,2.0,2.0,0.0,0.0,2.0,0.0,0.0,1.0,1.0,1.0,3.0,2.0,0.0,1.0,0.0,1.0,1.0
63,E01010631,1.0,0.0,0.0,0.0,0.0,0.0,1.0,1.0,3.0,2.0,0.0,0.0,1.0,0.0,2.0,0.0,1.0,1.0,0.0,0.0,0.0,2.0,1.0,0.0,2.0,0.0,1.0,0.0,0.0,1.0,1.0,0.0,0.0,0.0,0.0,2.0,1.0,1.0,0.0,1.0,0.0,2.0,0.0,0.0,0.0,1.0,0.0,0.0,0.0,0.0,0.0,0.0,0.0,0.0,0.0,0.0,1.0,0.0,0.0,0.0
64,E01010632,0.0,0.0,0.0,1.0,0.0,1.0,0.0,0.0,0.0,0.0,0.0,0.0,1.0,1.0,1.0,1.0,4.0,1.0,2.0,1.0,0.0,2.0,0.0,1.0,2.0,0.0,2.0,0.0,1.0,0.0,3.0,3.0,1.0,1.0,0.0,0.0,0.0,0.0,0.0,0.0,0.0,3.0,0.0,1.0,0.0,0.0,0.0,1.0,2.0,2.0,0.0,3.0,2.0,2.0,0.0,0.0,0.0,1.0,1.0,0.0
65,E01010633,2.0,0.0,0.0,0.0,0.0,0.0,1.0,0.0,0.0,0.0,0.0,3.0,0.0,1.0,0.0,1.0,1.0,0.0,3.0,1.0,0.0,3.0,0.0,1.0,0.0,0.0,0.0,0.0,0.0,0.0,0.0,1.0,3.0,0.0,1.0,0.0,1.0,1.0,0.0,0.0,0.0,0.0,0.0,0.0,0.0,0.0,1.0,0.0,2.0,0.0,2.0,0.0,2.0,0.0,0.0,1.0,0.0,0.0,0.0,1.0
66,E01010634,1.0,2.0,1.0,2.0,0.0,0.0,0.0,0.0,0.0,1.0,1.0,0.0,0.0,1.0,1.0,0.0,1.0,1.0,0.0,0.0,1.0,1.0,0.0,0.0,0.0,0.0,0.0,0.0,0.0,0.0,0.0,0.0,0.0,0.0,1.0,0.0,0.0,0.0,0.0,1.0,0.0,0.0,0.0,0.0,0.0,2.0,1.0,0.0,1.0,0.0,0.0,0.0,2.0,1.0,0.0,1.0,0.0,1.0,0.0,0.0
67,E01010635,0.0,1.0,0.0,1.0,1.0,1.0,1.0,3.0,1.0,2.0,1.0,0.0,3.0,1.0,5.0,8.0,4.0,3.0,3.0,5.0,2.0,2.0,4.0,1.0,3.0,1.0,0.0,2.0,1.0,2.0,1.0,1.0,1.0,7.0,3.0,3.0,6.0,4.0,11.0,1.0,4.0,0.0,1.0,3.0,0.0,3.0,3.0,3.0,1.0,1.0,1.0,4.0,3.0,4.0,3.0,1.0,0.0,0.0,2.0,0.0
68,E01010636,1.0,1.0,0.0,2.0,1.0,1.0,0.0,0.0,1.0,0.0,0.0,0.0,1.0,1.0,2.0,0.0,2.0,2.0,0.0,0.0,0.0,0.0,2.0,0.0,1.0,0.0,0.0,0.0,0.0,0.0,1.0,0.0,1.0,0.0,0.0,0.0,0.0,0.0,0.0,0.0,0.0,0.0,2.0,0.0,0.0,1.0,8.0,1.0,2.0,1.0,0.0,2.0,0.0,0.0,1.0,2.0,3.0,3.0,4.0,3.0
69,E01010637,0.0,1.0,0.0,0.0,0.0,0.0,0.0,1.0,0.0,0.0,0.0,0.0,0.0,1.0,0.0,0.0,1.0,0.0,0.0,0.0,0.0,0.0,2.0,2.0,0.0,0.0,0.0,0.0,0.0,0.0,0.0,0.0,1.0,1.0,0.0,2.0,0.0,0.0,0.0,1.0,0.0,1.0,0.0,1.0,1.0,2.0,1.0,0.0,1.0,0.0,1.0,0.0,0.0,0.0,0.0,0.0,3.0,1.0,0.0,0.0
70,E01010638,0.0,0.0,0.0,0.0,0.0,0.0,0.0,0.0,0.0,1.0,0.0,0.0,0.0,0.0,0.0,0.0,0.0,0.0,0.0,1.0,0.0,1.0,1.0,0.0,0.0,0.0,0.0,1.0,0.0,0.0,2.0,1.0,0.0,2.0,2.0,1.0,0.0,0.0,0.0,2.0,1.0,2.0,0.0,0.0,0.0,0.0,0.0,0.0,0.0,0.0,0.0,0.0,0.0,0.0,0.0,0.0,0.0,0.0,0.0,1.0
71,E01010639,1.0,0.0,5.0,1.0,1.0,0.0,1.0,0.0,2.0,1.0,3.0,3.0,0.0,3.0,3.0,5.0,2.0,1.0,3.0,3.0,2.0,1.0,2.0,2.0,0.0,6.0,2.0,2.0,3.0,0.0,3.0,0.0,10.0,3.0,2.0,1.0,5.0,3.0,6.0,4.0,2.0,1.0,0.0,4.0,0.0,1.0,1.0,0.0,0.0,1.0,1.0,1.0,1.0,1.0,1.0,0.0,1.0,0.0,1.0,2.0
72,E01010640,1.0,0.0,0.0,0.0,0.0,0.0,2.0,2.0,2.0,0.0,1.0,0.0,3.0,2.0,0.0,0.0,0.0,0.0,0.0,0.0,2.0,2.0,2.0,0.0,1.0,1.0,0.0,0.0,0.0,1.0,0.0,0.0,1.0,1.0,1.0,1.0,4.0,0.0,0.0,0.0,0.0,5.0,1.0,1.0,1.0,1.0,0.0,0.0,1.0,2.0,0.0,0.0,5.0,0.0,1.0,2.0,2.0,1.0,0.0,0.0
73,E01010641,1.0,0.0,0.0,1.0,0.0,0.0,0.0,0.0,0.0,1.0,0.0,0.0,0.0,1.0,1.0,2.0,0.0,1.0,0.0,1.0,1.0,2.0,0.0,0.0,0.0,0.0,0.0,0.0,0.0,0.0,0.0,1.0,0.0,0.0,1.0,0.0,0.0,1.0,0.0,2.0,0.0,0.0,0.0,0.0,0.0,0.0,4.0,1.0,2.0,0.0,0.0,1.0,1.0,2.0,0.0,0.0,0.0,2.0,0.0,1.0
74,E01010642,2.0,0.0,2.0,0.0,1.0,1.0,0.0,0.0,2.0,2.0,0.0,0.0,0.0,0.0,1.0,1.0,2.0,0.0,1.0,3.0,4.0,2.0,4.0,5.0,0.0,0.0,1.0,0.0,0.0,0.0,0.0,0.0,2.0,0.0,0.0,4.0,0.0,0.0,0.0,1.0,1.0,0.0,0.0,0.0,1.0,3.0,0.0,1.0,0.0,1.0,0.0,0.0,1.0,0.0,1.0,0.0,1.0,2.0,0.0,0.0
75,E01010643,0.0,0.0,0.0,1.0,0.0,0.0,0.0,0.0,0.0,0.0,0.0,0.0,0.0,1.0,0.0,2.0,0.0,0.0,0.0,0.0,0.0,1.0,0.0,0.0,2.0,2.0,0.0,0.0,1.0,0.0,1.0,0.0,2.0,0.0,1.0,0.0,0.0,1.0,0.0,1.0,0.0,0.0,1.0,0.0,1.0,1.0,0.0,0.0,1.0,0.0,1.0,2.0,0.0,3.0,5.0,0.0,0.0,0.0,0.0,1.0
76,E01010644,0.0,6.0,6.0,1.0,3.0,2.0,5.0,6.0,7.0,3.0,2.0,2.0,7.0,8.0,4.0,6.0,3.0,4.0,0.0,2.0,7.0,3.0,3.0,3.0,1.0,3.0,4.0,4.0,2.0,2.0,3.0,3.0,1.0,1.0,1.0,2.0,3.0,4.0,5.0,3.0,2.0,4.0,2.0,2.0,3.0,3.0,0.0,1.0,1.0,5.0,6.0,0.0,3.0,2.0,1.0,0.0,2.0,3.0,2.0,0.0
77,E01010645,1.0,9.0,5.0,0.0,4.0,6.0,9.0,3.0,7.0,6.0,4.0,7.0,7.0,6.0,8.0,11.0,4.0,5.0,7.0,5.0,12.0,9.0,8.0,3.0,4.0,6.0,9.0,3.0,10.0,8.0,4.0,7.0,8.0,12.0,9.0,4.0,4.0,12.0,7.0,9.0,6.0,5.0,16.0,10.0,11.0,9.0,4.0,2.0,5.0,2.0,7.0,14.0,2.0,7.0,6.0,3.0,7.0,3.0,6.0,3.0
78,E01010646,0.0,0.0,1.0,0.0,1.0,0.0,0.0,0.0,1.0,0.0,0.0,0.0,2.0,0.0,0.0,1.0,0.0,0.0,0.0,0.0,1.0,0.0,1.0,0.0,0.0,0.0,0.0,0.0,0.0,1.0,0.0,0.0,0.0,0.0,0.0,0.0,0.0,0.0,0.0,0.0,0.0,0.0,1.0,1.0,0.0,0.0,0.0,0.0,0.0,0.0,0.0,0.0,1.0,0.0,0.0,0.0,0.0,0.0,0.0,0.0
79,E01010647,0.0,0.0,0.0,1.0,0.0,0.0,0.0,0.0,0.0,0.0,0.0,0.0,0.0,0.0,0.0,0.0,0.0,0.0,0.0,0.0,0.0,1.0,0.0,0.0,0.0,0.0,0.0,0.0,0.0,2.0,0.0,0.0,0.0,0.0,0.0,0.0,1.0,1.0,0.0,1.0,0.0,1.0,0.0,0.0,0.0,0.0,1.0,0.0,0.0,0.0,0.0,0.0,0.0,0.0,0.0,0.0,0.0,0.0,0.0,0.0
80,E01010648,0.0,0.0,1.0,0.0,0.0,0.0,0.0,0.0,0.0,1.0,0.0,0.0,0.0,0.0,0.0,0.0,1.0,0.0,0.0,1.0,1.0,0.0,0.0,0.0,0.0,0.0,1.0,0.0,0.0,0.0,0.0,0.0,0.0,0.0,1.0,0.0,0.0,0.0,0.0,0.0,0.0,1.0,0.0,0.0,0.0,0.0,0.0,0.0,0.0,0.0,0.0,1.0,0.0,0.0,0.0,0.0,0.0,0.0,0.0,0.0
81,E01010649,0.0,1.0,0.0,0.0,0.0,0.0,0.0,0.0,0.0,2.0,2.0,0.0,0.0,0.0,0.0,1.0,1.0,1.0,0.0,0.0,0.0,2.0,1.0,0.0,0.0,2.0,0.0,0.0,1.0,0.0,0.0,0.0,1.0,1.0,0.0,1.0,0.0,2.0,0.0,1.0,0.0,0.0,0.0,0.0,0.0,1.0,1.0,1.0,0.0,1.0,0.0,1.0,1.0,0.0,0.0,0.0,0.0,0.0,0.0,2.0
82,E01010650,2.0,0.0,0.0,0.0,0.0,0.0,1.0,3.0,1.0,0.0,1.0,1.0,0.0,1.0,2.0,0.0,1.0,2.0,0.0,1.0,0.0,0.0,0.0,0.0,1.0,3.0,1.0,1.0,1.0,0.0,5.0,0.0,0.0,4.0,5.0,0.0,1.0,0.0,0.0,1.0,0.0,2.0,0.0,0.0,1.0,2.0,0.0,0.0,0.0,3.0,0.0,0.0,0.0,1.0,0.0,0.0,1.0,1.0,0.0,1.0
83,E01010651,1.0,0.0,0.0,0.0,0.0,1.0,0.0,0.0,0.0,0.0,0.0,0.0,0.0,1.0,0.0,0.0,0.0,0.0,0.0,0.0,1.0,0.0,0.0,0.0,0.0,0.0,1.0,3.0,0.0,1.0,2.0,1.0,2.0,0.0,1.0,0.0,0.0,2.0,2.0,1.0,1.0,0.0,1.0,0.0,2.0,0.0,3.0,1.0,0.0,0.0,0.0,0.0,0.0,0.0,0.0,0.0,1.0,1.0,0.0,0.0
84,E01010652,0.0,0.0,1.0,0.0,0.0,0.0,0.0,0.0,1.0,0.0,0.0,0.0,0.0,0.0,0.0,0.0,1.0,1.0,0.0,0.0,0.0,2.0,0.0,1.0,0.0,2.0,0.0,0.0,2.0,1.0,1.0,0.0,1.0,3.0,0.0,1.0,0.0,2.0,2.0,2.0,7.0,0.0,2.0,1.0,4.0,0.0,1.0,1.0,1.0,0.0,3.0,4.0,2.0,2.0,0.0,1.0,10.0,5.0,0.0,2.0
85,E01010653,1.0,1.0,2.0,1.0,0.0,0.0,2.0,0.0,0.0,3.0,1.0,0.0,0.0,0.0,3.0,1.0,0.0,1.0,0.0,6.0,2.0,2.0,0.0,0.0,1.0,1.0,1.0,0.0,2.0,5.0,0.0,1.0,2.0,2.0,4.0,0.0,0.0,0.0,9.0,3.0,1.0,2.0,0.0,1.0,0.0,1.0,0.0,2.0,0.0,0.0,0.0,2.0,1.0,0.0,1.0,0.0,2.0,2.0,2.0,2.0
86,E01010654,0.0,3.0,0.0,2.0,7.0,7.0,10.0,2.0,1.0,3.0,3.0,0.0,1.0,1.0,1.0,4.0,6.0,2.0,3.0,0.0,3.0,1.0,0.0,3.0,3.0,1.0,3.0,3.0,0.0,2.0,3.0,4.0,2.0,2.0,3.0,1.0,1.0,3.0,1.0,2.0,3.0,1.0,6.0,1.0,0.0,0.0,0.0,0.0,0.0,0.0,2.0,1.0,3.0,2.0,0.0,2.0,0.0,0.0,0.0,4.0
87,E01010655,0.0,0.0,1.0,0.0,1.0,1.0,2.0,0.0,1.0,0.0,0.0,0.0,0.0,1.0,3.0,1.0,0.0,2.0,1.0,0.0,3.0,0.0,0.0,1.0,1.0,1.0,0.0,2.0,2.0,1.0,0.0,0.0,1.0,1.0,0.0,3.0,1.0,1.0,1.0,1.0,0.0,2.0,1.0,2.0,0.0,1.0,1.0,1.0,4.0,1.0,1.0,3.0,1.0,0.0,0.0,0.0,1.0,0.0,2.0,1.0
88,E01010656,0.0,1.0,0.0,1.0,1.0,0.0,1.0,0.0,0.0,0.0,1.0,1.0,0.0,1.0,0.0,2.0,0.0,0.0,0.0,0.0,0.0,0.0,1.0,1.0,0.0,0.0,0.0,0.0,0.0,1.0,0.0,2.0,1.0,0.0,1.0,3.0,1.0,2.0,1.0,1.0,0.0,1.0,1.0,2.0,0.0,0.0,0.0,1.0,0.0,0.0,0.0,0.0,0.0,0.0,0.0,0.0,1.0,0.0,0.0,0.0
89,E01010657,3.0,0.0,0.0,3.0,0.0,2.0,3.0,0.0,1.0,1.0,0.0,1.0,0.0,1.0,0.0,0.0,0.0,0.0,2.0,3.0,3.0,1.0,1.0,0.0,0.0,1.0,1.0,1.0,1.0,2.0,1.0,2.0,1.0,1.0,0.0,1.0,1.0,1.0,2.0,2.0,1.0,3.0,4.0,9.0,5.0,5.0,4.0,1.0,2.0,0.0,0.0,1.0,1.0,0.0,0.0,0.0,0.0,0.0,0.0,1.0
90,E01010658,0.0,1.0,0.0,0.0,6.0,1.0,1.0,1.0,0.0,1.0,1.0,4.0,0.0,1.0,0.0,1.0,0.0,0.0,2.0,4.0,0.0,2.0,1.0,0.0,2.0,1.0,1.0,4.0,6.0,4.0,2.0,2.0,3.0,1.0,4.0,3.0,7.0,0.0,3.0,6.0,3.0,4.0,0.0,6.0,2.0,4.0,1.0,4.0,6.0,1.0,2.0,0.0,5.0,3.0,0.0,4.0,5.0,6.0,8.0,3.0
91,E01010659,1.0,6.0,6.0,1.0,3.0,2.0,5.0,2.0,1.0,6.0,4.0,2.0,1.0,3.0,6.0,2.0,6.0,5.0,6.0,5.0,4.0,2.0,0.0,3.0,1.0,2.0,5.0,5.0,10.0,5.0,4.0,5.0,2.0,6.0,4.0,0.0,2.0,1.0,2.0,4.0,3.0,3.0,3.0,2.0,2.0,5.0,1.0,4.0,1.0,2.0,1.0,2.0,5.0,3.0,0.0,1.0,1.0,1.0,0.0,0.0
92,E01010662,0.0,0.0,1.0,1.0,0.0,1.0,2.0,0.0,0.0,0.0,0.0,0.0,0.0,0.0,1.0,1.0,0.0,1.0,0.0,0.0,0.0,0.0,0.0,0.0,0.0,1.0,0.0,0.0,0.0,0.0,2.0,0.0,0.0,0.0,0.0,2.0,0.0,0.0,2.0,1.0,0.0,1.0,0.0,0.0,0.0,1.0,0.0,1.0,1.0,0.0,0.0,0.0,0.0,0.0,0.0,1.0,1.0,1.0,0.0,0.0
93,E01010663,0.0,0.0,1.0,0.0,2.0,0.0,1.0,0.0,2.0,0.0,1.0,1.0,2.0,3.0,1.0,2.0,2.0,0.0,2.0,0.0,0.0,3.0,1.0,3.0,2.0,4.0,1.0,1.0,2.0,2.0,2.0,1.0,5.0,0.0,2.0,4.0,6.0,1.0,1.0,0.0,1.0,0.0,2.0,2.0,1.0,1.0,1.0,1.0,0.0,1.0,4.0,0.0,0.0,2.0,4.0,1.0,5.0,4.0,2.0,1.0
94,E01010664,0.0,1.0,0.0,0.0,0.0,0.0,0.0,0.0,0.0,0.0,0.0,0.0,1.0,4.0,1.0,1.0,0.0,0.0,0.0,3.0,0.0,0.0,2.0,0.0,3.0,1.0,2.0,2.0,0.0,2.0,1.0,1.0,2.0,2.0,2.0,0.0,1.0,2.0,2.0,0.0,1.0,1.0,1.0,0.0,1.0,0.0,0.0,0.0,1.0,1.0,0.0,0.0,2.0,0.0,1.0,2.0,0.0,0.0,0.0,0.0
95,E01010665,0.0,0.0,0.0,0.0,0.0,0.0,0.0,0.0,0.0,0.0,2.0,1.0,0.0,0.0,3.0,0.0,0.0,0.0,0.0,1.0,1.0,1.0,0.0,4.0,0.0,0.0,0.0,1.0,0.0,1.0,1.0,0.0,0.0,1.0,0.0,0.0,1.0,0.0,0.0,0.0,1.0,0.0,0.0,1.0,0.0,0.0,2.0,2.0,1.0,0.0,1.0,0.0,0.0,1.0,1.0,3.0,4.0,2.0,1.0,1.0
96,E01010666,0.0,0.0,1.0,4.0,1.0,0.0,1.0,0.0,3.0,0.0,2.0,1.0,1.0,1.0,2.0,1.0,0.0,1.0,2.0,6.0,6.0,2.0,6.0,4.0,1.0,1.0,1.0,6.0,17.0,6.0,12.0,3.0,4.0,2.0,5.0,0.0,0.0,0.0,4.0,1.0,3.0,1.0,1.0,3.0,1.0,6.0,3.0,4.0,8.0,15.0,5.0,1.0,0.0,4.0,3.0,2.0,1.0,2.0,0.0,2.0
97,E01010667,0.0,0.0,0.0,1.0,1.0,0.0,0.0,0.0,0.0,0.0,1.0,0.0,1.0,0.0,1.0,2.0,0.0,2.0,0.0,1.0,0.0,0.0,1.0,3.0,1.0,0.0,0.0,3.0,0.0,2.0,1.0,0.0,0.0,1.0,1.0,2.0,1.0,0.0,2.0,1.0,1.0,1.0,1.0,0.0,0.0,0.0,1.0,0.0,0.0,0.0,2.0,0.0,0.0,1.0,2.0,0.0,1.0,0.0,1.0,0.0
98,E01010668,0.0,0.0,0.0,0.0,1.0,0.0,0.0,1.0,2.0,0.0,0.0,0.0,0.0,0.0,5.0,4.0,0.0,2.0,2.0,3.0,0.0,0.0,0.0,0.0,0.0,2.0,4.0,0.0,0.0,0.0,0.0,0.0,0.0,0.0,2.0,0.0,0.0,0.0,0.0,1.0,0.0,0.0,1.0,0.0,0.0,0.0,0.0,0.0,1.0,0.0,0.0,1.0,0.0,0.0,0.0,0.0,0.0,1.0,0.0,2.0
99,E01010669,0.0,0.0,1.0,0.0,0.0,0.0,0.0,0.0,0.0,0.0,0.0,0.0,0.0,1.0,1.0,1.0,0.0,2.0,2.0,1.0,1.0,0.0,1.0,0.0,0.0,0.0,0.0,3.0,0.0,0.0,0.0,2.0,0.0,0.0,1.0,1.0,0.0,0.0,1.0,1.0,0.0,0.0,0.0,0.0,0.0,1.0,0.0,0.0,1.0,0.0,0.0,1.0,0.0,2.0,0.0,0.0,0.0,0.0,0.0,1.0
100,E01010670,1.0,0.0,2.0,1.0,0.0,1.0,1.0,1.0,3.0,3.0,2.0,1.0,7.0,0.0,0.0,3.0,1.0,5.0,5.0,6.0,6.0,2.0,2.0,6.0,11.0,13.0,6.0,4.0,0.0,0.0,1.0,0.0,1.0,1.0,1.0,0.0,1.0,2.0,1.0,2.0,1.0,3.0,3.0,2.0,3.0,3.0,1.0,2.0,1.0,2.0,4.0,1.0,2.0,0.0,1.0,3.0,2.0,0.0,6.0,0.0
101,E01010671,0.0,1.0,1.0,0.0,0.0,0.0,0.0,1.0,1.0,1.0,0.0,2.0,5.0,5.0,2.0,3.0,3.0,2.0,2.0,2.0,0.0,1.0,2.0,0.0,2.0,0.0,2.0,0.0,0.0,1.0,1.0,0.0,2.0,0.0,1.0,1.0,2.0,1.0,3.0,3.0,1.0,1.0,1.0,1.0,1.0,2.0,0.0,1.0,0.0,0.0,1.0,0.0,1.0,0.0,0.0,0.0,0.0,1.0,1.0,2.0
102,E01010672,0.0,0.0,0.0,0.0,1.0,1.0,0.0,0.0,0.0,6.0,2.0,0.0,2.0,2.0,1.0,1.0,0.0,0.0,0.0,0.0,0.0,1.0,0.0,2.0,1.0,3.0,1.0,0.0,0.0,0.0,0.0,0.0,0.0,0.0,0.0,0.0,1.0,5.0,1.0,0.0,0.0,0.0,0.0,2.0,0.0,4.0,0.0,0.0,1.0,0.0,0.0,0.0,1.0,0.0,0.0,1.0,0.0,0.0,1.0,0.0
103,E01010673,2.0,1.0,0.0,0.0,4.0,2.0,0.0,1.0,1.0,0.0,2.0,0.0,0.0,2.0,1.0,0.0,1.0,0.0,2.0,2.0,5.0,0.0,2.0,0.0,0.0,1.0,0.0,0.0,0.0,2.0,0.0,0.0,1.0,1.0,0.0,1.0,0.0,0.0,3.0,3.0,0.0,2.0,2.0,0.0,6.0,1.0,1.0,1.0,0.0,0.0,2.0,1.0,0.0,2.0,0.0,1.0,1.0,0.0,1.0,0.0
104,E01010674,1.0,3.0,3.0,2.0,5.0,3.0,5.0,2.0,4.0,0.0,1.0,5.0,1.0,1.0,3.0,0.0,4.0,2.0,1.0,10.0,1.0,0.0,6.0,0.0,2.0,2.0,1.0,2.0,2.0,2.0,3.0,0.0,3.0,5.0,1.0,2.0,2.0,1.0,2.0,0.0,1.0,1.0,2.0,1.0,0.0,2.0,1.0,3.0,2.0,1.0,0.0,2.0,3.0,1.0,4.0,2.0,0.0,0.0,0.0,1.0
105,E01010675,0.0,1.0,1.0,0.0,0.0,1.0,0.0,1.0,1.0,0.0,0.0,0.0,0.0,0.0,0.0,0.0,0.0,1.0,1.0,4.0,0.0,1.0,2.0,0.0,0.0,0.0,0.0,0.0,1.0,0.0,0.0,3.0,0.0,0.0,3.0,0.0,1.0,2.0,0.0,1.0,0.0,1.0,0.0,1.0,2.0,4.0,4.0,2.0,1.0,1.0,2.0,1.0,1.0,2.0,1.0,3.0,0.0,2.0,0.0,1.0
106,E01010676,2.0,0.0,1.0,0.0,1.0,1.0,1.0,0.0,5.0,13.0,2.0,0.0,1.0,0.0,2.0,1.0,2.0,1.0,1.0,1.0,2.0,0.0,1.0,3.0,1.0,0.0,0.0,5.0,1.0,3.0,1.0,2.0,0.0,1.0,1.0,1.0,2.0,3.0,5.0,1.0,7.0,5.0,2.0,0.0,1.0,2.0,2.0,0.0,0.0,2.0,0.0,0.0,0.0,1.0,2.0,1.0,0.0,0.0,0.0,0.0
107,E01010677,3.0,1.0,1.0,3.0,2.0,1.0,3.0,2.0,4.0,4.0,1.0,1.0,0.0,1.0,4.0,4.0,1.0,2.0,2.0,1.0,3.0,3.0,0.0,4.0,1.0,2.0,2.0,0.0,5.0,3.0,3.0,4.0,1.0,5.0,0.0,4.0,1.0,0.0,0.0,5.0,1.0,3.0,2.0,5.0,2.0,0.0,1.0,2.0,5.0,1.0,1.0,2.0,1.0,0.0,5.0,4.0,1.0,0.0,1.0,0.0
108,E01010678,0.0,0.0,0.0,0.0,0.0,0.0,1.0,0.0,0.0,1.0,0.0,0.0,1.0,0.0,1.0,0.0,0.0,4.0,1.0,2.0,1.0,4.0,2.0,2.0,4.0,4.0,0.0,0.0,0.0,2.0,1.0,4.0,0.0,1.0,2.0,1.0,4.0,2.0,2.0,1.0,2.0,0.0,1.0,1.0,0.0,1.0,1.0,0.0,0.0,0.0,0.0,0.0,1.0,1.0,2.0,1.0,0.0,0.0,1.0,1.0
109,E01010679,0.0,3.0,3.0,1.0,2.0,0.0,0.0,2.0,2.0,1.0,2.0,4.0,2.0,1.0,3.0,3.0,5.0,5.0,6.0,4.0,2.0,3.0,4.0,3.0,9.0,2.0,5.0,3.0,1.0,3.0,5.0,2.0,3.0,9.0,3.0,3.0,1.0,4.0,4.0,3.0,2.0,3.0,4.0,2.0,5.0,4.0,4.0,2.0,2.0,2.0,4.0,5.0,3.0,4.0,5.0,9.0,3.0,4.0,3.0,5.0
110,E01010680,0.0,0.0,1.0,2.0,0.0,0.0,1.0,1.0,0.0,1.0,0.0,0.0,1.0,2.0,1.0,1.0,2.0,2.0,0.0,1.0,1.0,3.0,1.0,0.0,1.0,0.0,0.0,0.0,2.0,2.0,4.0,2.0,4.0,5.0,4.0,4.0,3.0,2.0,3.0,3.0,4.0,0.0,0.0,0.0,1.0,2.0,3.0,0.0,3.0,1.0,2.0,2.0,0.0,1.0,3.0,1.0,0.0,3.0,2.0,3.0
111,E01010681,2.0,0.0,0.0,0.0,0.0,1.0,1.0,0.0,3.0,1.0,0.0,1.0,0.0,1.0,1.0,0.0,0.0,0.0,0.0,0.0,0.0,0.0,0.0,1.0,0.0,0.0,0.0,0.0,0.0,0.0,1.0,0.0,1.0,0.0,0.0,0.0,0.0,0.0,1.0,0.0,0.0,0.0,0.0,1.0,1.0,0.0,0.0,0.0,0.0,1.0,0.0,2.0,0.0,0.0,0.0,0.0,0.0,0.0,0.0,2.0
112,E01010682,0.0,1.0,0.0,0.0,0.0,0.0,2.0,0.0,0.0,0.0,0.0,0.0,0.0,0.0,2.0,1.0,2.0,0.0,0.0,2.0,1.0,0.0,0.0,0.0,1.0,1.0,0.0,0.0,1.0,1.0,4.0,1.0,1.0,2.0,0.0,3.0,0.0,2.0,0.0,2.0,1.0,1.0,2.0,1.0,0.0,1.0,0.0,2.0,0.0,1.0,0.0,0.0,1.0,2.0,0.0,0.0,0.0,1.0,3.0,0.0
113,E01010683,1.0,0.0,0.0,0.0,1.0,1.0,0.0,0.0,1.0,0.0,0.0,0.0,0.0,0.0,1.0,0.0,2.0,1.0,0.0,1.0,0.0,1.0,1.0,0.0,0.0,1.0,0.0,2.0,0.0,1.0,0.0,0.0,2.0,1.0,0.0,0.0,0.0,0.0,0.0,0.0,3.0,3.0,0.0,0.0,0.0,1.0,0.0,0.0,0.0,0.0,0.0,0.0,4.0,0.0,1.0,0.0,1.0,0.0,0.0,0.0
114,E01010684,0.0,0.0,0.0,0.0,0.0,1.0,0.0,1.0,2.0,2.0,1.0,1.0,1.0,0.0,0.0,0.0,0.0,0.0,4.0,3.0,0.0,0.0,1.0,2.0,0.0,1.0,1.0,0.0,0.0,0.0,0.0,1.0,1.0,0.0,1.0,0.0,0.0,3.0,3.0,1.0,1.0,0.0,1.0,0.0,0.0,0.0,1.0,1.0,2.0,0.0,0.0,0.0,1.0,0.0,1.0,0.0,0.0,0.0,0.0,0.0
115,E01010685,1.0,0.0,1.0,0.0,1.0,2.0,0.0,0.0,0.0,0.0,1.0,2.0,1.0,0.0,0.0,0.0,0.0,0.0,0.0,0.0,0.0,1.0,1.0,3.0,1.0,0.0,0.0,0.0,0.0,0.0,1.0,1.0,2.0,1.0,0.0,0.0,0.0,0.0,0.0,0.0,0.0,0.0,1.0,2.0,0.0,0.0,0.0,0.0,0.0,0.0,3.0,0.0,0.0,0.0,2.0,0.0,0.0,0.0,0.0,0.0
116,E01010686,2.0,0.0,0.0,0.0,2.0,0.0,0.0,0.0,0.0,1.0,0.0,0.0,0.0,0.0,0.0,0.0,0.0,1.0,0.0,0.0,1.0,0.0,0.0,2.0,1.0,0.0,0.0,0.0,0.0,1.0,0.0,0.0,0.0,0.0,0.0,1.0,1.0,0.0,2.0,0.0,1.0,0.0,1.0,0.0,1.0,2.0,0.0,1.0,0.0,0.0,1.0,0.0,1.0,0.0,0.0,0.0,1.0,1.0,0.0,0.0
117,E01010687,0.0,2.0,1.0,0.0,0.0,0.0,2.0,2.0,2.0,4.0,0.0,0.0,0.0,0.0,0.0,0.0,0.0,0.0,0.0,0.0,0.0,0.0,0.0,0.0,1.0,0.0,1.0,0.0,0.0,0.0,0.0,0.0,0.0,1.0,1.0,0.0,0.0,0.0,1.0,1.0,0.0,0.0,0.0,0.0,0.0,0.0,1.0,0.0,0.0,0.0,0.0,0.0,0.0,0.0,1.0,0.0,0.0,0.0,1.0,0.0
118,E01010688,0.0,1.0,0.0,2.0,0.0,0.0,1.0,1.0,0.0,0.0,0.0,0.0,2.0,2.0,1.0,2.0,6.0,0.0,0.0,0.0,0.0,1.0,1.0,0.0,0.0,1.0,1.0,2.0,2.0,0.0,2.0,1.0,1.0,1.0,0.0,0.0,0.0,0.0,2.0,0.0,0.0,0.0,0.0,1.0,1.0,0.0,0.0,0.0,0.0,3.0,0.0,0.0,2.0,0.0,1.0,0.0,2.0,2.0,0.0,0.0
119,E01010689,1.0,0.0,0.0,1.0,2.0,0.0,0.0,0.0,0.0,0.0,0.0,0.0,1.0,0.0,0.0,0.0,0.0,0.0,0.0,1.0,0.0,1.0,0.0,0.0,0.0,0.0,0.0,1.0,0.0,1.0,1.0,1.0,0.0,0.0,0.0,0.0,0.0,1.0,0.0,0.0,0.0,1.0,0.0,4.0,2.0,1.0,1.0,1.0,0.0,0.0,1.0,0.0,0.0,0.0,0.0,0.0,1.0,1.0,2.0,0.0
120,E01010690,0.0,0.0,1.0,1.0,0.0,0.0,0.0,0.0,0.0,0.0,1.0,0.0,1.0,0.0,0.0,1.0,0.0,0.0,0.0,0.0,1.0,1.0,2.0,2.0,1.0,0.0,0.0,0.0,1.0,1.0,0.0,0.0,0.0,2.0,0.0,2.0,1.0,1.0,1.0,0.0,1.0,3.0,0.0,1.0,1.0,3.0,2.0,1.0,0.0,3.0,2.0,1.0,3.0,0.0,2.0,0.0,1.0,0.0,2.0,0.0
121,E01010691,0.0,0.0,0.0,0.0,0.0,0.0,1.0,0.0,0.0,0.0,1.0,0.0,0.0,0.0,0.0,0.0,0.0,0.0,1.0,0.0,0.0,0.0,0.0,1.0,1.0,2.0,0.0,0.0,1.0,0.0,0.0,0.0,0.0,0.0,0.0,1.0,0.0,0.0,1.0,0.0,1.0,0.0,0.0,2.0,0.0,0.0,0.0,0.0,1.0,0.0,0.0,1.0,0.0,1.0,1.0,1.0,0.0,0.0,1.0,0.0
122,E01010692,1.0,0.0,0.0,0.0,3.0,1.0,0.0,1.0,1.0,0.0,1.0,0.0,0.0,1.0,2.0,0.0,0.0,1.0,1.0,1.0,1.0,3.0,2.0,0.0,0.0,1.0,0.0,1.0,0.0,0.0,1.0,1.0,0.0,0.0,0.0,0.0,1.0,1.0,0.0,0.0,0.0,0.0,2.0,0.0,0.0,2.0,0.0,2.0,0.0,3.0,0.0,0.0,2.0,0.0,1.0,0.0,0.0,0.0,0.0,2.0
123,E01010693,0.0,0.0,0.0,0.0,0.0,0.0,0.0,0.0,0.0,1.0,0.0,0.0,0.0,1.0,0.0,1.0,0.0,0.0,0.0,0.0,0.0,0.0,0.0,0.0,0.0,0.0,0.0,1.0,0.0,0.0,0.0,0.0,0.0,0.0,0.0,0.0,0.0,0.0,0.0,1.0,0.0,0.0,0.0,0.0,0.0,0.0,0.0,0.0,0.0,0.0,0.0,0.0,1.0,0.0,0.0,0.0,0.0,0.0,0.0,0.0
124,E01010694,0.0,0.0,0.0,0.0,0.0,0.0,0.0,0.0,0.0,0.0,0.0,1.0,1.0,0.0,0.0,1.0,0.0,0.0,0.0,0.0,0.0,0.0,0.0,0.0,0.0,0.0,0.0,0.0,1.0,0.0,0.0,0.0,0.0,0.0,0.0,1.0,0.0,2.0,0.0,0.0,0.0,0.0,0.0,0.0,0.0,1.0,0.0,0.0,0.0,1.0,1.0,0.0,0.0,0.0,0.0,0.0,0.0,0.0,0.0,0.0
125,E01010695,6.0,3.0,1.0,0.0,0.0,1.0,0.0,0.0,2.0,1.0,0.0,0.0,0.0,1.0,3.0,1.0,0.0,6.0,1.0,0.0,2.0,0.0,1.0,2.0,1.0,0.0,0.0,0.0,1.0,0.0,3.0,1.0,3.0,2.0,0.0,0.0,0.0,2.0,0.0,0.0,0.0,0.0,1.0,2.0,3.0,0.0,1.0,0.0,1.0,2.0,3.0,1.0,0.0,0.0,1.0,0.0,1.0,1.0,0.0,1.0
126,E01010696,0.0,0.0,0.0,0.0,0.0,0.0,0.0,0.0,2.0,0.0,0.0,1.0,1.0,0.0,1.0,0.0,0.0,0.0,0.0,0.0,0.0,0.0,0.0,2.0,0.0,0.0,1.0,0.0,0.0,0.0,0.0,0.0,1.0,0.0,0.0,0.0,0.0,0.0,0.0,0.0,0.0,0.0,0.0,0.0,0.0,0.0,0.0,0.0,0.0,1.0,0.0,1.0,0.0,0.0,1.0,0.0,0.0,0.0,1.0,0.0
127,E01010697,0.0,0.0,0.0,0.0,0.0,0.0,0.0,0.0,1.0,0.0,1.0,0.0,0.0,0.0,0.0,0.0,0.0,1.0,0.0,0.0,0.0,0.0,1.0,0.0,0.0,0.0,0.0,0.0,0.0,2.0,1.0,0.0,1.0,1.0,1.0,0.0,0.0,0.0,0.0,0.0,0.0,0.0,0.0,1.0,3.0,0.0,0.0,0.0,0.0,0.0,1.0,0.0,0.0,0.0,0.0,0.0,0.0,0.0,1.0,1.0
128,E01010698,2.0,1.0,0.0,0.0,0.0,2.0,2.0,1.0,1.0,0.0,0.0,1.0,0.0,1.0,1.0,3.0,1.0,1.0,2.0,1.0,0.0,0.0,3.0,0.0,2.0,0.0,2.0,0.0,1.0,0.0,0.0,0.0,0.0,0.0,1.0,0.0,0.0,2.0,4.0,0.0,2.0,0.0,1.0,1.0,1.0,1.0,0.0,1.0,1.0,1.0,0.0,1.0,0.0,0.0,1.0,1.0,0.0,0.0,1.0,0.0
129,E01010699,2.0,3.0,0.0,1.0,0.0,0.0,2.0,0.0,1.0,1.0,1.0,2.0,0.0,3.0,1.0,1.0,1.0,0.0,1.0,3.0,0.0,5.0,1.0,2.0,0.0,0.0,2.0,2.0,1.0,0.0,0.0,1.0,1.0,1.0,3.0,0.0,1.0,4.0,1.0,1.0,2.0,0.0,2.0,0.0,0.0,3.0,2.0,0.0,2.0,0.0,1.0,1.0,1.0,1.0,0.0,2.0,2.0,0.0,0.0,1.0
130,E01010700,6.0,1.0,0.0,0.0,2.0,0.0,0.0,0.0,2.0,0.0,1.0,2.0,1.0,1.0,1.0,2.0,2.0,1.0,0.0,1.0,2.0,1.0,1.0,1.0,0.0,2.0,1.0,2.0,0.0,3.0,0.0,0.0,2.0,0.0,1.0,1.0,2.0,0.0,1.0,0.0,4.0,4.0,5.0,0.0,3.0,6.0,1.0,2.0,0.0,3.0,1.0,2.0,1.0,1.0,0.0,3.0,1.0,2.0,2.0,2.0
131,E01010701,2.0,0.0,0.0,1.0,1.0,1.0,1.0,0.0,0.0,0.0,2.0,0.0,0.0,0.0,0.0,1.0,0.0,1.0,3.0,0.0,2.0,1.0,3.0,4.0,1.0,2.0,0.0,0.0,0.0,0.0,2.0,1.0,5.0,0.0,0.0,1.0,0.0,0.0,1.0,3.0,3.0,0.0,4.0,3.0,2.0,2.0,0.0,0.0,3.0,2.0,0.0,0.0,4.0,0.0,1.0,0.0,2.0,1.0,0.0,1.0
132,E01010702,0.0,0.0,0.0,0.0,1.0,0.0,1.0,0.0,0.0,0.0,0.0,1.0,0.0,2.0,2.0,0.0,1.0,1.0,2.0,0.0,0.0,2.0,2.0,3.0,0.0,1.0,2.0,2.0,0.0,1.0,0.0,1.0,1.0,1.0,0.0,2.0,0.0,0.0,1.0,1.0,2.0,2.0,3.0,0.0,1.0,0.0,1.0,1.0,1.0,0.0,0.0,1.0,0.0,1.0,0.0,0.0,2.0,0.0,1.0,0.0
133,E01010703,0.0,0.0,3.0,0.0,0.0,1.0,0.0,2.0,1.0,0.0,0.0,1.0,1.0,0.0,0.0,3.0,0.0,0.0,1.0,1.0,1.0,1.0,4.0,0.0,2.0,1.0,0.0,0.0,1.0,1.0,1.0,0.0,0.0,1.0,0.0,0.0,0.0,1.0,1.0,0.0,0.0,2.0,0.0,0.0,1.0,3.0,3.0,3.0,3.0,1.0,1.0,1.0,4.0,1.0,1.0,1.0,0.0,0.0,0.0,2.0
134,E01010704,0.0,3.0,0.0,0.0,0.0,0.0,0.0,1.0,0.0,1.0,1.0,1.0,3.0,0.0,3.0,4.0,2.0,0.0,1.0,0.0,3.0,0.0,1.0,0.0,0.0,0.0,0.0,1.0,1.0,0.0,1.0,0.0,1.0,0.0,0.0,1.0,3.0,0.0,1.0,0.0,2.0,3.0,0.0,2.0,0.0,2.0,1.0,1.0,1.0,0.0,2.0,0.0,2.0,0.0,0.0,3.0,1.0,1.0,0.0,1.0
135,E01010705,0.0,0.0,1.0,0.0,0.0,0.0,0.0,0.0,0.0,0.0,0.0,1.0,1.0,0.0,0.0,0.0,0.0,0.0,0.0,0.0,0.0,1.0,0.0,0.0,1.0,1.0,1.0,1.0,0.0,0.0,0.0,0.0,1.0,0.0,1.0,2.0,2.0,0.0,0.0,0.0,0.0,0.0,0.0,0.0,0.0,0.0,1.0,1.0,0.0,0.0,1.0,0.0,0.0,0.0,0.0,1.0,0.0,0.0,0.0,2.0
136,E01010706,1.0,2.0,0.0,0.0,0.0,0.0,0.0,0.0,1.0,0.0,0.0,0.0,0.0,0.0,1.0,0.0,0.0,0.0,0.0,0.0,0.0,0.0,0.0,0.0,0.0,1.0,0.0,0.0,0.0,0.0,1.0,0.0,0.0,1.0,2.0,0.0,0.0,0.0,1.0,0.0,0.0,0.0,0.0,0.0,0.0,0.0,0.0,0.0,0.0,0.0,0.0,0.0,0.0,0.0,0.0,1.0,1.0,0.0,0.0,0.0
137,E01010707,0.0,0.0,0.0,0.0,0.0,0.0,0.0,0.0,0.0,0.0,0.0,0.0,0.0,4.0,0.0,1.0,3.0,1.0,0.0,0.0,3.0,1.0,0.0,0.0,0.0,0.0,0.0,2.0,0.0,0.0,0.0,0.0,0.0,0.0,1.0,1.0,1.0,0.0,0.0,0.0,0.0,0.0,1.0,2.0,0.0,0.0,0.0,0.0,0.0,1.0,0.0,0.0,0.0,0.0,1.0,0.0,0.0,0.0,1.0,0.0
138,E01010708,1.0,1.0,1.0,0.0,0.0,0.0,0.0,0.0,1.0,0.0,1.0,0.0,4.0,0.0,4.0,0.0,1.0,2.0,1.0,1.0,0.0,0.0,0.0,0.0,1.0,1.0,2.0,0.0,0.0,2.0,1.0,2.0,2.0,1.0,4.0,3.0,0.0,1.0,2.0,0.0,1.0,0.0,1.0,1.0,0.0,0.0,1.0,2.0,0.0,1.0,0.0,1.0,0.0,0.0,1.0,1.0,1.0,1.0,1.0,2.0
139,E01010709,1.0,0.0,0.0,0.0,0.0,0.0,0.0,0.0,0.0,2.0,1.0,2.0,0.0,0.0,0.0,0.0,0.0,0.0,1.0,3.0,1.0,0.0,0.0,3.0,2.0,0.0,2.0,1.0,0.0,0.0,0.0,0.0,1.0,1.0,1.0,0.0,1.0,0.0,1.0,0.0,0.0,2.0,0.0,1.0,0.0,2.0,0.0,0.0,1.0,2.0,0.0,0.0,0.0,0.0,1.0,0.0,1.0,0.0,0.0,0.0
140,E01010710,7.0,3.0,9.0,3.0,6.0,3.0,6.0,10.0,8.0,7.0,4.0,5.0,6.0,10.0,10.0,12.0,3.0,3.0,10.0,5.0,4.0,4.0,9.0,8.0,7.0,12.0,7.0,5.0,3.0,9.0,3.0,2.0,7.0,10.0,8.0,14.0,4.0,6.0,6.0,8.0,6.0,7.0,8.0,8.0,7.0,6.0,4.0,5.0,6.0,4.0,10.0,7.0,8.0,1.0,9.0,4.0,5.0,4.0,5.0,9.0
141,E01010711,4.0,1.0,0.0,0.0,0.0,1.0,1.0,0.0,2.0,4.0,0.0,6.0,1.0,3.0,4.0,4.0,1.0,0.0,0.0,3.0,1.0,2.0,3.0,1.0,3.0,2.0,2.0,3.0,9.0,3.0,3.0,1.0,4.0,2.0,1.0,2.0,1.0,3.0,4.0,3.0,2.0,2.0,5.0,6.0,7.0,7.0,4.0,3.0,5.0,3.0,3.0,2.0,4.0,3.0,6.0,7.0,4.0,0.0,3.0,2.0
142,E01010712,0.0,1.0,1.0,2.0,1.0,0.0,1.0,1.0,0.0,1.0,0.0,1.0,1.0,2.0,2.0,2.0,0.0,1.0,0.0,2.0,1.0,0.0,2.0,1.0,2.0,3.0,1.0,2.0,1.0,1.0,1.0,0.0,3.0,2.0,1.0,1.0,0.0,0.0,1.0,1.0,2.0,1.0,1.0,1.0,1.0,0.0,1.0,0.0,1.0,2.0,2.0,1.0,2.0,2.0,2.0,2.0,0.0,1.0,0.0,0.0
143,E01010713,1.0,3.0,0.0,0.0,0.0,0.0,0.0,0.0,0.0,1.0,0.0,0.0,0.0,1.0,0.0,1.0,0.0,6.0,0.0,1.0,0.0,1.0,1.0,1.0,1.0,1.0,0.0,0.0,1.0,1.0,1.0,1.0,2.0,0.0,5.0,2.0,0.0,3.0,1.0,0.0,0.0,1.0,2.0,0.0,1.0,1.0,1.0,1.0,3.0,2.0,3.0,1.0,5.0,3.0,1.0,0.0,0.0,1.0,1.0,0.0
144,E01010714,0.0,0.0,1.0,1.0,1.0,0.0,1.0,0.0,1.0,0.0,0.0,1.0,0.0,0.0,0.0,0.0,1.0,2.0,0.0,0.0,0.0,0.0,1.0,0.0,0.0,1.0,1.0,0.0,0.0,1.0,0.0,0.0,0.0,0.0,0.0,0.0,2.0,1.0,0.0,0.0,2.0,0.0,0.0,0.0,0.0,0.0,0.0,0.0,1.0,0.0,1.0,0.0,1.0,1.0,1.0,0.0,0.0,0.0,0.0,1.0
145,E01010715,0.0,1.0,1.0,0.0,1.0,0.0,1.0,0.0,0.0,2.0,1.0,2.0,0.0,1.0,1.0,0.0,2.0,1.0,0.0,0.0,0.0,0.0,0.0,0.0,0.0,0.0,0.0,0.0,0.0,0.0,0.0,0.0,1.0,0.0,0.0,0.0,0.0,0.0,1.0,0.0,0.0,1.0,1.0,0.0,4.0,0.0,2.0,1.0,0.0,0.0,1.0,0.0,1.0,0.0,1.0,1.0,0.0,0.0,1.0,0.0
146,E01010716,4.0,0.0,3.0,0.0,3.0,1.0,0.0,3.0,0.0,0.0,3.0,5.0,2.0,2.0,2.0,5.0,3.0,1.0,4.0,4.0,2.0,2.0,1.0,0.0,2.0,3.0,1.0,3.0,4.0,0.0,6.0,2.0,3.0,6.0,1.0,1.0,2.0,5.0,1.0,4.0,2.0,3.0,5.0,3.0,0.0,6.0,4.0,2.0,4.0,5.0,6.0,3.0,4.0,2.0,2.0,0.0,0.0,4.0,0.0,3.0
147,E01010717,0.0,1.0,1.0,1.0,1.0,0.0,3.0,0.0,1.0,1.0,0.0,1.0,1.0,1.0,0.0,1.0,0.0,0.0,0.0,2.0,0.0,1.0,0.0,1.0,0.0,0.0,1.0,1.0,0.0,0.0,0.0,0.0,0.0,2.0,0.0,0.0,0.0,1.0,0.0,2.0,0.0,0.0,0.0,1.0,0.0,1.0,1.0,0.0,0.0,1.0,0.0,0.0,0.0,2.0,0.0,2.0,0.0,0.0,1.0,0.0
148,E01010718,2.0,0.0,0.0,1.0,1.0,1.0,0.0,0.0,5.0,5.0,1.0,1.0,4.0,5.0,2.0,4.0,3.0,2.0,3.0,1.0,3.0,1.0,2.0,1.0,3.0,3.0,4.0,3.0,2.0,6.0,6.0,5.0,0.0,0.0,3.0,1.0,2.0,4.0,4.0,1.0,1.0,1.0,3.0,2.0,2.0,1.0,1.0,3.0,2.0,2.0,1.0,4.0,1.0,1.0,1.0,0.0,1.0,2.0,0.0,0.0
149,E01010719,2.0,0.0,1.0,0.0,0.0,0.0,0.0,0.0,1.0,1.0,1.0,0.0,0.0,0.0,0.0,2.0,0.0,3.0,1.0,1.0,1.0,4.0,7.0,2.0,3.0,2.0,5.0,2.0,3.0,0.0,1.0,2.0,1.0,1.0,1.0,1.0,1.0,1.0,1.0,2.0,1.0,1.0,4.0,5.0,3.0,3.0,0.0,0.0,1.0,0.0,1.0,0.0,1.0,0.0,0.0,1.0,0.0,1.0,0.0,1.0
150,E01010720,1.0,1.0,0.0,0.0,0.0,0.0,0.0,0.0,1.0,1.0,1.0,0.0,0.0,1.0,1.0,1.0,1.0,0.0,1.0,0.0,0.0,1.0,2.0,0.0,2.0,2.0,1.0,1.0,1.0,2.0,4.0,1.0,0.0,1.0,0.0,0.0,2.0,0.0,0.0,0.0,1.0,0.0,4.0,4.0,1.0,0.0,1.0,1.0,2.0,3.0,0.0,2.0,2.0,0.0,1.0,0.0,0.0,0.0,0.0,1.0
151,E01010721,2.0,5.0,0.0,1.0,1.0,1.0,0.0,1.0,3.0,5.0,1.0,1.0,1.0,5.0,3.0,1.0,2.0,1.0,1.0,4.0,1.0,1.0,1.0,1.0,0.0,0.0,1.0,2.0,0.0,1.0,2.0,4.0,3.0,1.0,2.0,0.0,1.0,7.0,1.0,1.0,3.0,3.0,1.0,0.0,2.0,0.0,0.0,0.0,1.0,0.0,2.0,1.0,0.0,1.0,0.0,1.0,0.0,0.0,0.0,3.0
152,E01010722,2.0,4.0,2.0,3.0,3.0,1.0,1.0,1.0,1.0,0.0,1.0,0.0,0.0,0.0,0.0,0.0,0.0,0.0,1.0,0.0,0.0,0.0,1.0,0.0,0.0,0.0,1.0,0.0,0.0,0.0,0.0,0.0,0.0,1.0,0.0,0.0,2.0,0.0,0.0,1.0,0.0,0.0,2.0,1.0,0.0,2.0,1.0,2.0,0.0,0.0,1.0,1.0,3.0,0.0,0.0,1.0,2.0,0.0,1.0,2.0
153,E01010723,0.0,0.0,1.0,0.0,0.0,1.0,0.0,0.0,0.0,0.0,1.0,1.0,0.0,1.0,2.0,1.0,5.0,2.0,1.0,2.0,1.0,1.0,0.0,1.0,2.0,0.0,0.0,2.0,1.0,1.0,1.0,0.0,1.0,0.0,1.0,1.0,1.0,1.0,0.0,1.0,0.0,1.0,1.0,1.0,0.0,1.0,3.0,0.0,3.0,0.0,0.0,4.0,0.0,0.0,2.0,1.0,0.0,1.0,0.0,2.0
154,E01010724,3.0,1.0,1.0,1.0,0.0,1.0,0.0,0.0,1.0,0.0,1.0,1.0,0.0,1.0,2.0,1.0,1.0,0.0,0.0,0.0,3.0,1.0,1.0,1.0,1.0,1.0,1.0,2.0,5.0,3.0,0.0,0.0,0.0,1.0,0.0,3.0,3.0,3.0,3.0,1.0,0.0,1.0,4.0,5.0,1.0,0.0,0.0,0.0,0.0,0.0,1.0,0.0,1.0,1.0,2.0,1.0,1.0,1.0,1.0,2.0
155,E01010725,1.0,0.0,0.0,0.0,0.0,0.0,0.0,2.0,0.0,1.0,0.0,1.0,0.0,2.0,1.0,0.0,0.0,0.0,0.0,0.0,0.0,0.0,0.0,0.0,1.0,1.0,1.0,0.0,0.0,3.0,1.0,1.0,2.0,1.0,1.0,0.0,2.0,1.0,1.0,0.0,0.0,0.0,1.0,1.0,0.0,0.0,0.0,0.0,0.0,0.0,1.0,0.0,4.0,0.0,2.0,5.0,0.0,1.0,5.0,1.0
156,E01010726,1.0,0.0,0.0,1.0,0.0,1.0,0.0,1.0,1.0,0.0,0.0,0.0,1.0,1.0,1.0,0.0,0.0,0.0,0.0,0.0,0.0,0.0,0.0,0.0,0.0,0.0,0.0,0.0,0.0,0.0,0.0,0.0,1.0,2.0,0.0,0.0,0.0,0.0,0.0,0.0,0.0,0.0,0.0,0.0,0.0,0.0,0.0,0.0,0.0,1.0,1.0,0.0,0.0,0.0,0.0,0.0,0.0,0.0,0.0,0.0
157,E01010727,0.0,0.0,1.0,0.0,1.0,1.0,0.0,1.0,1.0,0.0,1.0,1.0,0.0,1.0,2.0,1.0,1.0,0.0,0.0,0.0,1.0,2.0,1.0,0.0,1.0,0.0,1.0,0.0,1.0,1.0,1.0,1.0,4.0,1.0,1.0,0.0,0.0,1.0,3.0,2.0,0.0,1.0,1.0,1.0,2.0,0.0,1.0,0.0,0.0,1.0,5.0,3.0,1.0,2.0,0.0,0.0,0.0,2.0,2.0,4.0
158,E01010728,1.0,0.0,0.0,1.0,0.0,0.0,2.0,1.0,0.0,0.0,0.0,1.0,0.0,0.0,2.0,1.0,0.0,3.0,0.0,0.0,2.0,1.0,1.0,2.0,0.0,0.0,1.0,0.0,0.0,0.0,2.0,1.0,2.0,1.0,1.0,2.0,1.0,0.0,3.0,1.0,2.0,2.0,5.0,5.0,3.0,0.0,0.0,2.0,0.0,2.0,2.0,4.0,1.0,2.0,2.0,1.0,4.0,1.0,1.0,2.0
159,E01010729,1.0,1.0,0.0,0.0,1.0,0.0,0.0,0.0,0.0,0.0,0.0,0.0,0.0,1.0,0.0,0.0,1.0,0.0,0.0,1.0,0.0,0.0,0.0,0.0,0.0,0.0,0.0,1.0,0.0,1.0,0.0,0.0,0.0,1.0,0.0,0.0,1.0,0.0,0.0,1.0,0.0,0.0,2.0,5.0,1.0,0.0,1.0,0.0,0.0,0.0,0.0,2.0,0.0,0.0,0.0,1.0,1.0,0.0,0.0,0.0
160,E01010730,1.0,0.0,1.0,1.0,2.0,2.0,0.0,4.0,2.0,2.0,5.0,7.0,4.0,4.0,3.0,8.0,5.0,4.0,3.0,4.0,9.0,2.0,4.0,5.0,4.0,1.0,4.0,2.0,7.0,5.0,3.0,5.0,6.0,4.0,2.0,3.0,4.0,3.0,2.0,8.0,4.0,3.0,5.0,3.0,7.0,7.0,7.0,5.0,8.0,9.0,6.0,6.0,5.0,6.0,5.0,4.0,9.0,4.0,7.0,3.0
161,E01010731,1.0,1.0,2.0,0.0,1.0,0.0,1.0,0.0,1.0,1.0,1.0,1.0,2.0,0.0,1.0,0.0,6.0,4.0,0.0,1.0,4.0,2.0,3.0,0.0,5.0,2.0,6.0,3.0,0.0,2.0,1.0,0.0,0.0,1.0,2.0,0.0,1.0,0.0,2.0,4.0,2.0,1.0,2.0,0.0,3.0,2.0,0.0,1.0,3.0,6.0,1.0,1.0,3.0,1.0,1.0,3.0,2.0,0.0,7.0,0.0
162,E01010732,3.0,3.0,3.0,3.0,0.0,4.0,0.0,3.0,3.0,1.0,1.0,4.0,2.0,1.0,1.0,3.0,1.0,1.0,0.0,5.0,0.0,4.0,0.0,0.0,1.0,5.0,1.0,3.0,1.0,1.0,1.0,2.0,0.0,0.0,2.0,1.0,1.0,2.0,1.0,2.0,0.0,3.0,3.0,4.0,2.0,7.0,2.0,0.0,3.0,3.0,2.0,4.0,1.0,2.0,0.0,0.0,1.0,1.0,2.0,2.0
163,E01010733,0.0,1.0,0.0,0.0,2.0,3.0,1.0,2.0,1.0,0.0,1.0,0.0,0.0,2.0,7.0,2.0,1.0,6.0,1.0,2.0,1.0,1.0,0.0,0.0,2.0,1.0,4.0,0.0,1.0,1.0,2.0,1.0,2.0,2.0,3.0,1.0,2.0,5.0,3.0,3.0,0.0,1.0,1.0,2.0,2.0,1.0,1.0,1.0,1.0,3.0,3.0,5.0,3.0,4.0,0.0,3.0,1.0,2.0,0.0,1.0
164,E01010734,1.0,0.0,0.0,0.0,0.0,0.0,0.0,1.0,1.0,0.0,1.0,0.0,0.0,0.0,0.0,3.0,0.0,0.0,1.0,0.0,0.0,0.0,1.0,3.0,0.0,0.0,1.0,0.0,1.0,1.0,0.0,1.0,0.0,0.0,1.0,2.0,0.0,0.0,0.0,0.0,1.0,0.0,3.0,0.0,4.0,0.0,2.0,1.0,0.0,0.0,0.0,1.0,0.0,1.0,2.0,2.0,3.0,0.0,0.0,1.0
165,E01010735,0.0,0.0,1.0,0.0,1.0,0.0,0.0,0.0,0.0,0.0,0.0,1.0,0.0,3.0,0.0,0.0,1.0,2.0,2.0,2.0,0.0,0.0,1.0,1.0,1.0,4.0,2.0,2.0,0.0,0.0,4.0,1.0,0.0,0.0,0.0,0.0,0.0,0.0,1.0,4.0,1.0,2.0,1.0,0.0,1.0,0.0,2.0,3.0,0.0,1.0,2.0,1.0,1.0,3.0,4.0,1.0,0.0,1.0,1.0,1.0
166,E01010736,0.0,0.0,0.0,2.0,6.0,1.0,1.0,3.0,6.0,2.0,3.0,1.0,3.0,2.0,1.0,1.0,2.0,5.0,2.0,0.0,3.0,1.0,0.0,2.0,1.0,1.0,2.0,3.0,0.0,1.0,0.0,0.0,1.0,1.0,1.0,0.0,2.0,1.0,2.0,0.0,0.0,2.0,1.0,1.0,4.0,2.0,1.0,0.0,0.0,0.0,0.0,1.0,0.0,1.0,0.0,1.0,0.0,0.0,1.0,1.0
167,E01010737,2.0,3.0,5.0,11.0,10.0,2.0,4.0,1.0,5.0,4.0,4.0,4.0,4.0,4.0,3.0,0.0,2.0,1.0,2.0,1.0,1.0,0.0,0.0,0.0,0.0,0.0,4.0,0.0,1.0,0.0,0.0,1.0,0.0,0.0,0.0,1.0,3.0,0.0,1.0,1.0,1.0,2.0,0.0,0.0,0.0,0.0,2.0,1.0,1.0,2.0,2.0,3.0,0.0,2.0,3.0,1.0,2.0,1.0,3.0,2.0
168,E01010738,3.0,3.0,2.0,1.0,0.0,3.0,2.0,1.0,0.0,2.0,2.0,1.0,4.0,2.0,3.0,5.0,0.0,1.0,5.0,2.0,3.0,3.0,2.0,2.0,3.0,1.0,3.0,5.0,6.0,0.0,1.0,3.0,3.0,3.0,0.0,1.0,2.0,2.0,2.0,0.0,1.0,0.0,3.0,1.0,3.0,1.0,4.0,3.0,1.0,6.0,2.0,5.0,2.0,2.0,1.0,6.0,3.0,1.0,4.0,6.0
169,E01010739,2.0,3.0,1.0,0.0,6.0,9.0,0.0,1.0,0.0,1.0,13.0,3.0,1.0,2.0,1.0,0.0,0.0,0.0,2.0,0.0,0.0,1.0,0.0,1.0,3.0,9.0,12.0,9.0,2.0,0.0,2.0,1.0,1.0,0.0,1.0,0.0,1.0,1.0,1.0,0.0,1.0,4.0,7.0,2.0,2.0,2.0,2.0,1.0,3.0,5.0,4.0,0.0,1.0,1.0,0.0,2.0,1.0,0.0,1.0,1.0
170,E01010740,0.0,0.0,1.0,1.0,0.0,0.0,0.0,0.0,0.0,0.0,0.0,0.0,1.0,0.0,0.0,0.0,0.0,0.0,1.0,1.0,0.0,0.0,0.0,0.0,0.0,1.0,1.0,2.0,0.0,0.0,1.0,0.0,0.0,0.0,0.0,1.0,0.0,0.0,0.0,1.0,0.0,0.0,1.0,0.0,1.0,1.0,0.0,2.0,0.0,0.0,0.0,0.0,1.0,0.0,2.0,0.0,1.0,0.0,1.0,0.0
171,E01010741,0.0,0.0,0.0,0.0,1.0,0.0,0.0,0.0,0.0,0.0,1.0,1.0,0.0,1.0,0.0,4.0,1.0,1.0,0.0,1.0,1.0,0.0,0.0,1.0,0.0,0.0,0.0,0.0,0.0,0.0,0.0,0.0,1.0,0.0,3.0,4.0,0.0,2.0,1.0,3.0,2.0,1.0,2.0,3.0,4.0,0.0,1.0,2.0,3.0,1.0,1.0,2.0,1.0,1.0,2.0,0.0,2.0,1.0,1.0,1.0
172,E01010742,0.0,0.0,3.0,1.0,1.0,0.0,1.0,0.0,0.0,1.0,1.0,2.0,2.0,1.0,0.0,0.0,1.0,0.0,4.0,0.0,2.0,0.0,1.0,0.0,3.0,0.0,1.0,0.0,1.0,0.0,0.0,1.0,0.0,0.0,1.0,1.0,0.0,5.0,0.0,0.0,1.0,0.0,0.0,3.0,0.0,1.0,0.0,3.0,1.0,3.0,0.0,1.0,2.0,1.0,2.0,0.0,0.0,0.0,2.0,1.0
173,E01010743,1.0,1.0,0.0,1.0,0.0,3.0,1.0,0.0,0.0,1.0,0.0,1.0,1.0,3.0,2.0,4.0,2.0,0.0,3.0,4.0,2.0,2.0,2.0,0.0,1.0,1.0,4.0,0.0,0.0,5.0,3.0,1.0,3.0,2.0,2.0,0.0,3.0,0.0,3.0,1.0,5.0,3.0,2.0,1.0,0.0,1.0,2.0,1.0,0.0,2.0,0.0,3.0,1.0,1.0,2.0,2.0,1.0,3.0,1.0,0.0
174,E01010744,0.0,0.0,0.0,0.0,0.0,0.0,0.0,0.0,0.0,0.0,0.0,0.0,0.0,0.0,0.0,0.0,0.0,0.0,1.0,0.0,0.0,1.0,0.0,0.0,0.0,0.0,0.0,0.0,0.0,0.0,0.0,0.0,1.0,0.0,0.0,1.0,0.0,1.0,0.0,1.0,0.0,1.0,4.0,1.0,1.0,0.0,0.0,1.0,0.0,0.0,1.0,0.0,0.0,0.0,1.0,0.0,0.0,1.0,1.0,0.0
175,E01010745,0.0,0.0,0.0,1.0,1.0,1.0,0.0,1.0,0.0,0.0,3.0,3.0,0.0,0.0,0.0,0.0,2.0,0.0,0.0,0.0,0.0,1.0,0.0,2.0,0.0,2.0,0.0,2.0,1.0,1.0,0.0,0.0,1.0,0.0,0.0,2.0,0.0,1.0,0.0,1.0,1.0,0.0,2.0,2.0,0.0,0.0,2.0,0.0,0.0,0.0,0.0,1.0,2.0,3.0,1.0,0.0,0.0,0.0,0.0,1.0
176,E01010746,1.0,0.0,0.0,0.0,0.0,1.0,0.0,0.0,0.0,0.0,0.0,1.0,1.0,3.0,2.0,0.0,1.0,0.0,1.0,2.0,2.0,2.0,1.0,5.0,1.0,2.0,2.0,5.0,1.0,2.0,2.0,0.0,1.0,0.0,0.0,4.0,2.0,2.0,7.0,7.0,1.0,2.0,1.0,3.0,1.0,1.0,0.0,1.0,0.0,1.0,1.0,0.0,0.0,1.0,1.0,0.0,1.0,0.0,2.0,0.0
177,E01010747,2.0,0.0,0.0,0.0,0.0,1.0,0.0,0.0,1.0,1.0,1.0,1.0,0.0,0.0,0.0,0.0,0.0,0.0,1.0,0.0,0.0,1.0,0.0,1.0,0.0,0.0,2.0,0.0,0.0,1.0,0.0,3.0,1.0,0.0,0.0,2.0,2.0,4.0,0.0,3.0,1.0,5.0,0.0,5.0,4.0,0.0,1.0,1.0,0.0,1.0,0.0,0.0,0.0,2.0,1.0,1.0,4.0,0.0,2.0,1.0
178,E01010748,0.0,1.0,1.0,0.0,1.0,2.0,0.0,2.0,1.0,2.0,1.0,3.0,1.0,3.0,2.0,1.0,2.0,0.0,2.0,0.0,5.0,3.0,1.0,1.0,2.0,1.0,3.0,3.0,2.0,3.0,3.0,1.0,2.0,0.0,2.0,1.0,1.0,1.0,1.0,4.0,1.0,0.0,2.0,2.0,0.0,1.0,1.0,3.0,4.0,1.0,1.0,1.0,0.0,3.0,0.0,0.0,1.0,0.0,1.0,1.0
179,E01010749,1.0,0.0,0.0,0.0,2.0,0.0,0.0,1.0,0.0,1.0,1.0,2.0,0.0,1.0,1.0,3.0,0.0,0.0,2.0,2.0,2.0,1.0,0.0,0.0,2.0,3.0,0.0,2.0,0.0,2.0,2.0,1.0,2.0,1.0,1.0,0.0,3.0,1.0,1.0,0.0,0.0,1.0,0.0,1.0,1.0,0.0,1.0,0.0,2.0,0.0,0.0,0.0,0.0,0.0,2.0,0.0,3.0,1.0,2.0,1.0
180,E01010750,1.0,4.0,0.0,1.0,1.0,2.0,3.0,1.0,0.0,4.0,1.0,0.0,2.0,0.0,0.0,0.0,0.0,1.0,3.0,0.0,1.0,0.0,0.0,0.0,0.0,0.0,1.0,0.0,1.0,1.0,5.0,0.0,1.0,0.0,1.0,2.0,0.0,4.0,2.0,0.0,0.0,1.0,0.0,1.0,3.0,0.0,0.0,1.0,0.0,1.0,0.0,0.0,2.0,0.0,0.0,0.0,0.0,1.0,0.0,0.0
181,E01010751,0.0,1.0,0.0,0.0,0.0,1.0,0.0,1.0,3.0,2.0,1.0,0.0,0.0,0.0,1.0,0.0,0.0,1.0,2.0,2.0,2.0,1.0,1.0,3.0,0.0,1.0,0.0,4.0,2.0,0.0,3.0,1.0,0.0,1.0,0.0,0.0,0.0,2.0,1.0,1.0,0.0,1.0,1.0,0.0,2.0,0.0,0.0,0.0,1.0,1.0,1.0,1.0,0.0,1.0,2.0,0.0,0.0,0.0,0.0,0.0
182,E01010752,1.0,0.0,1.0,0.0,0.0,0.0,2.0,2.0,0.0,0.0,0.0,0.0,1.0,0.0,1.0,0.0,1.0,0.0,1.0,0.0,2.0,0.0,1.0,1.0,3.0,0.0,4.0,0.0,1.0,1.0,5.0,1.0,0.0,1.0,0.0,2.0,1.0,0.0,0.0,1.0,3.0,2.0,0.0,1.0,3.0,1.0,3.0,3.0,2.0,3.0,1.0,1.0,1.0,1.0,2.0,0.0,3.0,0.0,0.0,3.0
183,E01010753,0.0,1.0,0.0,0.0,0.0,0.0,0.0,0.0,0.0,0.0,0.0,0.0,0.0,0.0,0.0,0.0,1.0,0.0,0.0,0.0,0.0,0.0,0.0,0.0,0.0,0.0,0.0,1.0,1.0,1.0,0.0,1.0,0.0,0.0,0.0,0.0,0.0,0.0,0.0,0.0,0.0,0.0,0.0,0.0,0.0,0.0,0.0,0.0,0.0,0.0,0.0,0.0,0.0,0.0,0.0,0.0,0.0,0.0,1.0,0.0
184,E01010754,2.0,2.0,1.0,0.0,1.0,1.0,0.0,0.0,2.0,1.0,0.0,2.0,1.0,7.0,2.0,0.0,0.0,0.0,2.0,0.0,1.0,1.0,1.0,0.0,2.0,0.0,0.0,0.0,0.0,1.0,0.0,0.0,0.0,0.0,0.0,0.0,0.0,0.0,1.0,1.0,1.0,0.0,0.0,1.0,2.0,1.0,0.0,1.0,0.0,0.0,0.0,0.0,0.0,0.0,0.0,0.0,1.0,0.0,0.0,1.0
185,E01010755,0.0,2.0,0.0,0.0,0.0,1.0,1.0,0.0,1.0,0.0,0.0,0.0,0.0,1.0,2.0,3.0,0.0,0.0,0.0,0.0,0.0,1.0,0.0,1.0,2.0,0.0,5.0,1.0,1.0,3.0,0.0,0.0,1.0,2.0,1.0,1.0,0.0,0.0,0.0,1.0,0.0,1.0,1.0,0.0,1.0,1.0,1.0,0.0,1.0,1.0,2.0,0.0,0.0,2.0,1.0,1.0,1.0,0.0,2.0,3.0
186,E01010756,0.0,1.0,2.0,0.0,0.0,0.0,0.0,1.0,0.0,0.0,0.0,0.0,0.0,4.0,0.0,0.0,0.0,0.0,0.0,0.0,2.0,1.0,1.0,2.0,0.0,0.0,0.0,1.0,2.0,0.0,0.0,0.0,1.0,0.0,0.0,0.0,0.0,0.0,0.0,0.0,0.0,0.0,0.0,1.0,0.0,0.0,1.0,0.0,0.0,0.0,0.0,1.0,0.0,1.0,0.0,2.0,0.0,0.0,2.0,3.0
187,E01010758,0.0,0.0,0.0,0.0,0.0,0.0,0.0,0.0,0.0,0.0,0.0,0.0,1.0,0.0,2.0,0.0,0.0,0.0,0.0,0.0,0.0,0.0,0.0,0.0,0.0,0.0,0.0,0.0,1.0,0.0,0.0,0.0,0.0,1.0,0.0,0.0,1.0,0.0,0.0,1.0,0.0,0.0,1.0,0.0,0.0,1.0,0.0,0.0,0.0,0.0,0.0,0.0,0.0,0.0,0.0,0.0,0.0,1.0,1.0,0.0
188,E01010759,0.0,3.0,0.0,2.0,0.0,0.0,4.0,0.0,0.0,0.0,1.0,0.0,0.0,0.0,1.0,0.0,1.0,0.0,1.0,0.0,1.0,0.0,0.0,0.0,0.0,0.0,0.0,0.0,1.0,1.0,0.0,0.0,0.0,1.0,1.0,0.0,2.0,4.0,1.0,0.0,0.0,0.0,0.0,0.0,0.0,1.0,0.0,3.0,3.0,0.0,0.0,1.0,1.0,1.0,0.0,0.0,0.0,0.0,0.0,2.0
189,E01010760,0.0,0.0,0.0,1.0,1.0,0.0,0.0,0.0,0.0,0.0,0.0,0.0,0.0,0.0,1.0,1.0,1.0,0.0,0.0,0.0,0.0,1.0,2.0,0.0,0.0,0.0,0.0,0.0,1.0,0.0,0.0,1.0,1.0,0.0,0.0,0.0,0.0,0.0,0.0,1.0,0.0,2.0,0.0,0.0,1.0,1.0,0.0,0.0,0.0,0.0,1.0,1.0,2.0,1.0,1.0,0.0,0.0,0.0,0.0,0.0
190,E01010761,0.0,1.0,0.0,1.0,2.0,0.0,0.0,0.0,0.0,0.0,0.0,0.0,0.0,0.0,0.0,2.0,0.0,1.0,1.0,0.0,0.0,4.0,0.0,1.0,0.0,2.0,1.0,0.0,0.0,1.0,1.0,2.0,2.0,1.0,3.0,2.0,0.0,1.0,1.0,1.0,4.0,0.0,0.0,3.0,0.0,1.0,3.0,0.0,1.0,3.0,2.0,2.0,0.0,2.0,3.0,2.0,3.0,2.0,0.0,1.0
191,E01010762,0.0,0.0,1.0,1.0,2.0,0.0,0.0,2.0,1.0,0.0,0.0,0.0,0.0,3.0,0.0,1.0,2.0,0.0,3.0,2.0,0.0,0.0,1.0,4.0,1.0,1.0,0.0,0.0,2.0,0.0,2.0,1.0,1.0,0.0,0.0,1.0,0.0,1.0,0.0,0.0,0.0,2.0,3.0,3.0,1.0,0.0,0.0,2.0,0.0,1.0,0.0,0.0,1.0,1.0,2.0,0.0,2.0,0.0,0.0,2.0
192,E01010763,0.0,0.0,0.0,1.0,0.0,0.0,0.0,3.0,0.0,0.0,0.0,0.0,0.0,3.0,0.0,0.0,1.0,2.0,1.0,1.0,2.0,1.0,1.0,0.0,1.0,0.0,1.0,2.0,0.0,0.0,0.0,1.0,3.0,0.0,1.0,1.0,2.0,1.0,1.0,0.0,0.0,0.0,0.0,0.0,2.0,0.0,2.0,0.0,0.0,0.0,2.0,0.0,2.0,0.0,0.0,0.0,0.0,0.0,0.0,2.0
193,E01010764,0.0,0.0,0.0,0.0,0.0,0.0,0.0,0.0,0.0,0.0,0.0,0.0,0.0,0.0,0.0,0.0,0.0,0.0,0.0,0.0,0.0,0.0,0.0,0.0,0.0,0.0,0.0,0.0,0.0,0.0,0.0,0.0,0.0,0.0,1.0,0.0,1.0,0.0,0.0,0.0,1.0,0.0,0.0,0.0,0.0,1.0,0.0,0.0,0.0,0.0,0.0,1.0,1.0,0.0,0.0,0.0,0.0,0.0,1.0,1.0
194,E01010765,1.0,0.0,2.0,0.0,1.0,2.0,0.0,0.0,0.0,0.0,0.0,0.0,1.0,0.0,1.0,1.0,0.0,1.0,1.0,1.0,1.0,1.0,0.0,0.0,1.0,1.0,0.0,1.0,3.0,1.0,0.0,0.0,0.0,0.0,1.0,1.0,0.0,1.0,0.0,2.0,2.0,2.0,0.0,1.0,0.0,2.0,2.0,0.0,3.0,2.0,0.0,2.0,3.0,0.0,3.0,2.0,1.0,1.0,1.0,0.0
195,E01010766,0.0,0.0,1.0,0.0,0.0,0.0,0.0,0.0,0.0,0.0,0.0,0.0,0.0,1.0,0.0,0.0,0.0,0.0,1.0,0.0,0.0,0.0,1.0,1.0,0.0,0.0,0.0,1.0,0.0,0.0,0.0,0.0,0.0,1.0,0.0,1.0,0.0,0.0,0.0,0.0,0.0,0.0,0.0,1.0,0.0,1.0,0.0,0.0,0.0,0.0,1.0,0.0,1.0,1.0,0.0,0.0,0.0,0.0,0.0,0.0
196,E01010767,1.0,0.0,0.0,0.0,1.0,1.0,3.0,0.0,0.0,0.0,0.0,0.0,0.0,0.0,0.0,0.0,0.0,0.0,0.0,1.0,2.0,0.0,1.0,1.0,1.0,1.0,1.0,3.0,0.0,0.0,1.0,1.0,0.0,1.0,0.0,0.0,3.0,0.0,1.0,0.0,0.0,1.0,0.0,0.0,2.0,1.0,0.0,1.0,1.0,1.0,0.0,1.0,0.0,0.0,0.0,0.0,1.0,1.0,0.0,0.0
197,E01010768,0.0,0.0,0.0,0.0,0.0,0.0,1.0,0.0,1.0,0.0,0.0,0.0,0.0,0.0,0.0,0.0,1.0,0.0,1.0,0.0,0.0,0.0,0.0,0.0,1.0,4.0,0.0,0.0,0.0,0.0,1.0,2.0,0.0,0.0,0.0,0.0,1.0,0.0,0.0,0.0,0.0,0.0,0.0,1.0,0.0,0.0,0.0,0.0,0.0,0.0,0.0,0.0,0.0,0.0,0.0,2.0,1.0,1.0,0.0,0.0
198,E01010769,0.0,0.0,0.0,0.0,0.0,0.0,1.0,1.0,1.0,0.0,0.0,0.0,0.0,0.0,0.0,0.0,0.0,1.0,0.0,0.0,0.0,1.0,1.0,0.0,0.0,0.0,1.0,1.0,0.0,1.0,1.0,0.0,0.0,2.0,1.0,0.0,1.0,0.0,1.0,0.0,0.0,0.0,0.0,0.0,0.0,0.0,1.0,0.0,0.0,0.0,0.0,0.0,0.0,0.0,0.0,0.0,0.0,0.0,0.0,0.0
199,E01010770,0.0,0.0,0.0,0.0,0.0,0.0,0.0,0.0,0.0,0.0,0.0,0.0,0.0,0.0,0.0,1.0,0.0,0.0,1.0,0.0,1.0,0.0,3.0,3.0,0.0,0.0,0.0,0.0,0.0,1.0,0.0,0.0,1.0,2.0,0.0,1.0,0.0,0.0,0.0,0.0,0.0,0.0,0.0,0.0,0.0,0.0,1.0,0.0,0.0,0.0,0.0,0.0,1.0,0.0,0.0,0.0,1.0,1.0,0.0,0.0
200,E01010771,0.0,0.0,0.0,0.0,0.0,0.0,0.0,1.0,0.0,1.0,0.0,0.0,0.0,0.0,0.0,0.0,0.0,0.0,0.0,0.0,0.0,0.0,0.0,0.0,0.0,1.0,0.0,1.0,0.0,0.0,0.0,0.0,0.0,1.0,1.0,1.0,0.0,0.0,0.0,0.0,0.0,0.0,0.0,0.0,0.0,0.0,0.0,0.0,0.0,0.0,0.0,0.0,0.0,0.0,0.0,0.0,0.0,0.0,0.0,0.0
201,E01010772,0.0,0.0,0.0,0.0,0.0,0.0,0.0,0.0,0.0,0.0,0.0,0.0,0.0,0.0,0.0,0.0,0.0,0.0,0.0,0.0,0.0,0.0,0.0,0.0,0.0,1.0,0.0,0.0,0.0,3.0,0.0,0.0,0.0,0.0,0.0,0.0,0.0,1.0,0.0,0.0,0.0,0.0,0.0,0.0,0.0,0.0,0.0,1.0,0.0,0.0,2.0,0.0,0.0,0.0,0.0,0.0,0.0,0.0,0.0,1.0
202,E01010773,1.0,0.0,0.0,0.0,0.0,0.0,0.0,0.0,0.0,0.0,1.0,0.0,0.0,0.0,1.0,0.0,0.0,1.0,0.0,0.0,0.0,0.0,0.0,0.0,0.0,0.0,0.0,0.0,2.0,1.0,0.0,0.0,0.0,0.0,0.0,0.0,0.0,0.0,0.0,0.0,0.0,0.0,0.0,0.0,0.0,0.0,0.0,0.0,0.0,0.0,0.0,1.0,0.0,0.0,0.0,0.0,0.0,0.0,0.0,0.0
203,E01010774,0.0,0.0,1.0,0.0,1.0,0.0,0.0,0.0,0.0,0.0,1.0,2.0,1.0,0.0,0.0,1.0,0.0,0.0,0.0,0.0,0.0,1.0,0.0,0.0,1.0,1.0,0.0,1.0,0.0,0.0,0.0,0.0,0.0,1.0,2.0,0.0,0.0,0.0,1.0,0.0,0.0,2.0,0.0,0.0,0.0,0.0,0.0,0.0,0.0,0.0,1.0,1.0,1.0,3.0,1.0,0.0,1.0,0.0,0.0,2.0
204,E01010775,1.0,0.0,0.0,1.0,0.0,0.0,0.0,0.0,2.0,0.0,0.0,0.0,0.0,2.0,0.0,0.0,1.0,0.0,0.0,0.0,0.0,0.0,0.0,0.0,1.0,0.0,0.0,0.0,0.0,2.0,0.0,0.0,0.0,0.0,0.0,0.0,0.0,0.0,0.0,0.0,1.0,1.0,0.0,0.0,0.0,1.0,1.0,0.0,0.0,0.0,0.0,1.0,0.0,0.0,0.0,0.0,1.0,0.0,0.0,1.0
205,E01010776,1.0,0.0,0.0,0.0,2.0,1.0,2.0,0.0,1.0,0.0,0.0,3.0,0.0,4.0,2.0,2.0,0.0,2.0,0.0,1.0,4.0,0.0,1.0,0.0,0.0,2.0,0.0,1.0,2.0,2.0,1.0,0.0,0.0,1.0,0.0,0.0,0.0,0.0,1.0,1.0,1.0,0.0,0.0,1.0,0.0,2.0,0.0,0.0,2.0,0.0,4.0,0.0,0.0,5.0,1.0,1.0,0.0,0.0,0.0,0.0
206,E01010777,5.0,5.0,6.0,1.0,3.0,5.0,2.0,4.0,3.0,0.0,0.0,1.0,3.0,9.0,5.0,5.0,5.0,3.0,3.0,3.0,17.0,8.0,2.0,7.0,20.0,10.0,13.0,2.0,5.0,10.0,8.0,7.0,10.0,4.0,6.0,10.0,5.0,11.0,16.0,10.0,3.0,10.0,16.0,6.0,4.0,2.0,4.0,3.0,7.0,2.0,14.0,3.0,3.0,0.0,2.0,7.0,5.0,0.0,6.0,5.0
207,E01010778,0.0,0.0,3.0,0.0,1.0,1.0,2.0,1.0,0.0,0.0,0.0,2.0,0.0,1.0,1.0,0.0,1.0,0.0,0.0,0.0,0.0,1.0,0.0,3.0,1.0,0.0,0.0,4.0,2.0,1.0,0.0,1.0,2.0,0.0,1.0,0.0,0.0,1.0,0.0,2.0,2.0,0.0,0.0,0.0,2.0,1.0,1.0,2.0,0.0,1.0,0.0,0.0,3.0,0.0,1.0,0.0,1.0,1.0,1.0,2.0
208,E01010779,0.0,2.0,2.0,0.0,1.0,0.0,1.0,1.0,0.0,2.0,0.0,2.0,1.0,0.0,1.0,1.0,0.0,1.0,1.0,2.0,0.0,2.0,2.0,0.0,4.0,1.0,1.0,2.0,1.0,3.0,4.0,2.0,1.0,2.0,1.0,0.0,0.0,3.0,0.0,3.0,3.0,0.0,2.0,1.0,1.0,0.0,0.0,1.0,0.0,0.0,1.0,2.0,0.0,0.0,0.0,0.0,0.0,1.0,1.0,0.0
209,E01010781,0.0,0.0,0.0,0.0,0.0,0.0,0.0,1.0,0.0,1.0,1.0,1.0,0.0,0.0,0.0,0.0,0.0,1.0,0.0,0.0,0.0,0.0,0.0,0.0,1.0,0.0,0.0,0.0,0.0,0.0,1.0,0.0,0.0,1.0,2.0,0.0,1.0,1.0,1.0,0.0,0.0,3.0,3.0,0.0,0.0,0.0,5.0,1.0,0.0,2.0,2.0,1.0,0.0,0.0,0.0,0.0,0.0,5.0,3.0,2.0
210,E01010782,1.0,2.0,6.0,1.0,5.0,1.0,3.0,2.0,6.0,1.0,3.0,5.0,6.0,5.0,7.0,1.0,0.0,1.0,6.0,3.0,6.0,8.0,4.0,7.0,11.0,11.0,4.0,4.0,4.0,10.0,9.0,8.0,9.0,12.0,14.0,15.0,6.0,17.0,9.0,17.0,14.0,8.0,11.0,6.0,6.0,10.0,9.0,2.0,11.0,9.0,13.0,5.0,3.0,4.0,6.0,4.0,1.0,4.0,4.0,8.0
211,E01010783,0.0,1.0,0.0,0.0,0.0,0.0,0.0,0.0,0.0,3.0,0.0,0.0,0.0,1.0,0.0,0.0,0.0,0.0,0.0,3.0,0.0,0.0,1.0,1.0,0.0,0.0,1.0,4.0,2.0,1.0,0.0,1.0,1.0,0.0,0.0,0.0,1.0,0.0,1.0,1.0,0.0,1.0,1.0,3.0,1.0,4.0,0.0,1.0,0.0,0.0,1.0,0.0,2.0,2.0,0.0,2.0,0.0,0.0,0.0,0.0
212,E01010784,2.0,5.0,2.0,3.0,2.0,1.0,1.0,0.0,1.0,1.0,2.0,0.0,3.0,0.0,7.0,2.0,0.0,0.0,0.0,1.0,0.0,3.0,0.0,2.0,2.0,1.0,1.0,3.0,1.0,3.0,0.0,3.0,2.0,0.0,3.0,1.0,0.0,0.0,0.0,1.0,5.0,6.0,0.0,4.0,1.0,1.0,3.0,2.0,1.0,1.0,4.0,2.0,3.0,1.0,1.0,2.0,3.0,1.0,1.0,3.0
213,E01010785,1.0,1.0,0.0,1.0,0.0,3.0,0.0,3.0,1.0,2.0,0.0,1.0,0.0,0.0,1.0,3.0,4.0,1.0,0.0,2.0,1.0,0.0,2.0,0.0,1.0,2.0,3.0,3.0,1.0,1.0,0.0,2.0,0.0,3.0,1.0,0.0,3.0,2.0,3.0,2.0,3.0,2.0,2.0,1.0,1.0,5.0,2.0,1.0,0.0,2.0,0.0,0.0,4.0,0.0,2.0,0.0,0.0,1.0,1.0,0.0
214,E01010786,0.0,0.0,0.0,0.0,0.0,0.0,0.0,0.0,0.0,0.0,0.0,0.0,0.0,1.0,0.0,0.0,1.0,0.0,0.0,0.0,0.0,0.0,0.0,1.0,0.0,0.0,0.0,0.0,1.0,0.0,0.0,1.0,1.0,1.0,0.0,0.0,0.0,1.0,0.0,0.0,0.0,0.0,0.0,0.0,0.0,0.0,0.0,3.0,2.0,0.0,0.0,0.0,0.0,1.0,0.0,0.0,1.0,0.0,0.0,1.0
215,E01010787,0.0,2.0,2.0,2.0,0.0,0.0,1.0,2.0,0.0,0.0,0.0,1.0,1.0,1.0,1.0,0.0,1.0,0.0,4.0,0.0,1.0,0.0,0.0,1.0,1.0,0.0,0.0,1.0,0.0,1.0,1.0,3.0,1.0,3.0,1.0,2.0,1.0,1.0,1.0,2.0,2.0,1.0,5.0,1.0,1.0,1.0,1.0,2.0,1.0,2.0,1.0,1.0,0.0,0.0,0.0,0.0,2.0,1.0,0.0,0.0
216,E01010788,0.0,1.0,1.0,0.0,0.0,0.0,1.0,2.0,2.0,1.0,0.0,2.0,1.0,3.0,2.0,7.0,1.0,2.0,1.0,1.0,1.0,2.0,2.0,0.0,0.0,0.0,1.0,1.0,5.0,0.0,2.0,1.0,1.0,0.0,1.0,0.0,0.0,0.0,4.0,0.0,0.0,3.0,0.0,4.0,3.0,5.0,0.0,2.0,0.0,2.0,0.0,0.0,0.0,1.0,1.0,1.0,1.0,0.0,1.0,1.0
217,E01010789,0.0,0.0,0.0,3.0,1.0,4.0,0.0,1.0,1.0,0.0,1.0,2.0,1.0,2.0,2.0,2.0,0.0,1.0,2.0,2.0,1.0,0.0,2.0,2.0,0.0,0.0,2.0,1.0,5.0,3.0,3.0,0.0,1.0,1.0,2.0,2.0,1.0,1.0,3.0,1.0,1.0,0.0,0.0,1.0,0.0,0.0,0.0,1.0,0.0,1.0,3.0,2.0,1.0,0.0,2.0,0.0,1.0,5.0,3.0,0.0
218,E01010790,0.0,0.0,0.0,0.0,0.0,0.0,0.0,0.0,0.0,1.0,0.0,0.0,0.0,0.0,0.0,0.0,0.0,1.0,0.0,1.0,0.0,0.0,0.0,0.0,1.0,1.0,0.0,0.0,0.0,2.0,0.0,0.0,0.0,0.0,1.0,0.0,0.0,0.0,2.0,0.0,0.0,1.0,0.0,0.0,0.0,1.0,0.0,0.0,0.0,1.0,0.0,4.0,0.0,0.0,1.0,0.0,0.0,0.0,0.0,0.0
219,E01010791,4.0,8.0,1.0,0.0,3.0,2.0,0.0,2.0,3.0,0.0,1.0,1.0,1.0,11.0,6.0,1.0,0.0,8.0,1.0,2.0,2.0,7.0,2.0,0.0,3.0,1.0,6.0,1.0,2.0,2.0,0.0,0.0,2.0,0.0,0.0,0.0,1.0,0.0,0.0,2.0,0.0,0.0,0.0,3.0,0.0,0.0,1.0,3.0,3.0,4.0,1.0,3.0,1.0,2.0,1.0,0.0,1.0,2.0,1.0,1.0
220,E01010792,2.0,2.0,0.0,2.0,1.0,4.0,0.0,2.0,5.0,3.0,2.0,4.0,2.0,4.0,1.0,0.0,1.0,7.0,3.0,6.0,5.0,4.0,3.0,7.0,7.0,9.0,10.0,3.0,7.0,7.0,5.0,7.0,7.0,19.0,11.0,7.0,7.0,1.0,4.0,1.0,3.0,2.0,3.0,2.0,0.0,2.0,3.0,0.0,2.0,1.0,0.0,1.0,0.0,2.0,1.0,1.0,1.0,1.0,2.0,1.0
221,E01010793,2.0,1.0,2.0,0.0,1.0,2.0,0.0,2.0,1.0,1.0,1.0,1.0,2.0,2.0,1.0,2.0,8.0,4.0,13.0,7.0,7.0,4.0,2.0,4.0,2.0,4.0,1.0,4.0,4.0,2.0,0.0,2.0,2.0,2.0,2.0,0.0,0.0,2.0,2.0,2.0,0.0,2.0,2.0,1.0,0.0,3.0,1.0,6.0,1.0,2.0,2.0,0.0,1.0,0.0,0.0,0.0,0.0,2.0,0.0,0.0
222,E01010794,0.0,0.0,0.0,0.0,0.0,0.0,0.0,0.0,1.0,2.0,0.0,2.0,1.0,2.0,1.0,0.0,0.0,1.0,0.0,0.0,2.0,0.0,0.0,0.0,0.0,1.0,0.0,0.0,2.0,1.0,1.0,0.0,1.0,2.0,0.0,0.0,0.0,1.0,1.0,1.0,2.0,1.0,0.0,1.0,0.0,1.0,1.0,4.0,1.0,4.0,2.0,0.0,0.0,0.0,4.0,0.0,0.0,0.0,0.0,2.0
223,E01010795,3.0,1.0,2.0,0.0,0.0,1.0,1.0,1.0,0.0,1.0,3.0,0.0,2.0,4.0,4.0,2.0,3.0,1.0,2.0,2.0,1.0,0.0,1.0,2.0,0.0,1.0,0.0,0.0,1.0,2.0,1.0,0.0,0.0,0.0,0.0,0.0,0.0,1.0,1.0,1.0,1.0,1.0,1.0,1.0,0.0,0.0,1.0,0.0,0.0,0.0,0.0,1.0,1.0,0.0,1.0,1.0,0.0,0.0,0.0,0.0
224,E01010796,0.0,0.0,1.0,1.0,1.0,0.0,0.0,0.0,0.0,0.0,0.0,0.0,0.0,0.0,0.0,0.0,0.0,0.0,0.0,0.0,0.0,0.0,0.0,1.0,1.0,0.0,0.0,1.0,2.0,1.0,1.0,1.0,1.0,3.0,0.0,0.0,0.0,0.0,0.0,1.0,0.0,1.0,0.0,0.0,0.0,0.0,1.0,0.0,0.0,0.0,0.0,2.0,0.0,0.0,1.0,0.0,1.0,0.0,2.0,0.0
225,E01010797,1.0,0.0,0.0,0.0,0.0,0.0,0.0,0.0,0.0,0.0,0.0,0.0,2.0,0.0,0.0,0.0,0.0,0.0,0.0,0.0,0.0,0.0,0.0,0.0,0.0,0.0,2.0,0.0,0.0,0.0,0.0,1.0,0.0,0.0,0.0,0.0,0.0,0.0,0.0,1.0,1.0,0.0,0.0,0.0,0.0,1.0,0.0,0.0,0.0,0.0,0.0,0.0,0.0,0.0,0.0,0.0,0.0,1.0,0.0,0.0
226,E01010798,0.0,1.0,0.0,0.0,1.0,1.0,2.0,0.0,1.0,1.0,2.0,0.0,0.0,0.0,0.0,0.0,0.0,1.0,1.0,0.0,2.0,0.0,0.0,2.0,0.0,0.0,1.0,0.0,1.0,0.0,0.0,0.0,0.0,0.0,0.0,3.0,0.0,0.0,0.0,0.0,2.0,0.0,1.0,0.0,0.0,0.0,0.0,0.0,0.0,0.0,0.0,3.0,1.0,1.0,0.0,0.0,1.0,2.0,0.0,0.0
227,E01010799,0.0,0.0,0.0,0.0,1.0,0.0,0.0,0.0,0.0,1.0,0.0,1.0,1.0,0.0,0.0,0.0,1.0,2.0,2.0,0.0,0.0,1.0,0.0,0.0,0.0,1.0,1.0,0.0,1.0,2.0,1.0,1.0,0.0,2.0,0.0,2.0,0.0,2.0,0.0,0.0,1.0,0.0,2.0,0.0,0.0,1.0,1.0,0.0,0.0,0.0,0.0,0.0,1.0,1.0,0.0,1.0,0.0,0.0,1.0,2.0
228,E01010800,0.0,0.0,1.0,2.0,5.0,1.0,2.0,0.0,5.0,8.0,1.0,4.0,1.0,8.0,16.0,4.0,4.0,3.0,6.0,3.0,5.0,2.0,2.0,2.0,8.0,6.0,9.0,5.0,1.0,3.0,4.0,4.0,3.0,0.0,6.0,0.0,3.0,7.0,5.0,4.0,0.0,3.0,1.0,4.0,5.0,6.0,1.0,2.0,3.0,3.0,1.0,2.0,1.0,1.0,2.0,4.0,3.0,5.0,1.0,2.0
229,E01010801,0.0,0.0,0.0,0.0,0.0,0.0,0.0,2.0,0.0,0.0,1.0,0.0,1.0,2.0,0.0,1.0,0.0,0.0,3.0,2.0,0.0,0.0,1.0,2.0,0.0,0.0,0.0,0.0,0.0,2.0,1.0,1.0,3.0,2.0,1.0,0.0,1.0,4.0,0.0,1.0,0.0,0.0,1.0,1.0,1.0,0.0,0.0,2.0,1.0,0.0,0.0,3.0,0.0,0.0,4.0,0.0,0.0,1.0,2.0,0.0
230,E01010802,0.0,4.0,0.0,1.0,1.0,1.0,3.0,2.0,4.0,2.0,0.0,1.0,0.0,0.0,1.0,1.0,3.0,1.0,1.0,1.0,0.0,2.0,1.0,2.0,1.0,0.0,2.0,8.0,4.0,1.0,5.0,2.0,2.0,5.0,1.0,4.0,2.0,6.0,4.0,0.0,1.0,2.0,4.0,4.0,5.0,1.0,0.0,1.0,1.0,1.0,4.0,1.0,1.0,1.0,1.0,0.0,1.0,1.0,1.0,4.0
231,E01010803,0.0,0.0,0.0,0.0,0.0,0.0,1.0,1.0,1.0,0.0,2.0,0.0,0.0,0.0,0.0,0.0,0.0,0.0,0.0,2.0,0.0,0.0,2.0,0.0,0.0,2.0,0.0,0.0,0.0,1.0,2.0,1.0,0.0,1.0,0.0,0.0,0.0,3.0,1.0,1.0,0.0,1.0,0.0,0.0,1.0,2.0,1.0,0.0,0.0,0.0,0.0,0.0,1.0,2.0,0.0,0.0,0.0,0.0,0.0,1.0
232,E01010804,0.0,2.0,0.0,0.0,1.0,1.0,2.0,0.0,0.0,1.0,2.0,0.0,0.0,1.0,0.0,2.0,0.0,0.0,1.0,1.0,1.0,0.0,0.0,0.0,0.0,1.0,2.0,0.0,0.0,1.0,0.0,0.0,0.0,0.0,0.0,0.0,0.0,1.0,2.0,1.0,1.0,0.0,0.0,1.0,0.0,3.0,0.0,0.0,0.0,1.0,0.0,0.0,0.0,0.0,0.0,2.0,0.0,0.0,1.0,1.0
233,E01010805,12.0,12.0,17.0,7.0,6.0,10.0,10.0,10.0,12.0,13.0,8.0,7.0,18.0,18.0,28.0,22.0,14.0,15.0,15.0,13.0,13.0,12.0,17.0,15.0,11.0,9.0,17.0,6.0,10.0,19.0,17.0,7.0,12.0,13.0,13.0,9.0,9.0,19.0,13.0,10.0,18.0,11.0,8.0,11.0,13.0,12.0,3.0,10.0,13.0,17.0,7.0,16.0,8.0,15.0,10.0,7.0,16.0,7.0,14.0,5.0
234,E01010806,7.0,13.0,1.0,2.0,3.0,1.0,4.0,3.0,5.0,3.0,2.0,5.0,1.0,8.0,4.0,4.0,3.0,4.0,2.0,7.0,4.0,1.0,4.0,4.0,3.0,3.0,7.0,7.0,0.0,3.0,6.0,12.0,9.0,10.0,6.0,4.0,4.0,10.0,6.0,6.0,5.0,5.0,3.0,2.0,6.0,5.0,4.0,7.0,5.0,7.0,2.0,4.0,3.0,2.0,5.0,10.0,11.0,7.0,10.0,2.0
235,E01010807,0.0,4.0,2.0,1.0,4.0,2.0,0.0,1.0,5.0,7.0,2.0,1.0,0.0,2.0,1.0,2.0,1.0,3.0,3.0,2.0,5.0,0.0,0.0,2.0,2.0,5.0,2.0,6.0,3.0,1.0,1.0,1.0,1.0,4.0,1.0,1.0,0.0,2.0,1.0,2.0,3.0,0.0,11.0,2.0,2.0,2.0,0.0,1.0,1.0,16.0,2.0,0.0,0.0,0.0,2.0,1.0,3.0,0.0,1.0,1.0
236,E01010808,0.0,2.0,1.0,0.0,1.0,1.0,0.0,1.0,2.0,1.0,0.0,0.0,0.0,1.0,1.0,0.0,1.0,2.0,2.0,0.0,0.0,0.0,1.0,0.0,0.0,1.0,0.0,0.0,0.0,1.0,0.0,1.0,0.0,0.0,0.0,1.0,0.0,0.0,0.0,0.0,0.0,1.0,0.0,0.0,1.0,0.0,0.0,0.0,0.0,1.0,0.0,0.0,0.0,0.0,1.0,0.0,0.0,0.0,0.0,0.0
237,E01010809,1.0,2.0,2.0,1.0,1.0,1.0,1.0,0.0,1.0,0.0,0.0,0.0,0.0,1.0,1.0,3.0,3.0,1.0,5.0,0.0,4.0,0.0,2.0,1.0,2.0,3.0,2.0,5.0,4.0,1.0,1.0,0.0,2.0,3.0,3.0,0.0,0.0,2.0,2.0,1.0,2.0,1.0,3.0,1.0,2.0,1.0,1.0,1.0,2.0,3.0,0.0,1.0,2.0,2.0,1.0,1.0,3.0,1.0,2.0,2.0
238,E01010810,7.0,4.0,7.0,6.0,6.0,7.0,6.0,7.0,4.0,6.0,5.0,7.0,10.0,17.0,9.0,7.0,11.0,12.0,4.0,18.0,8.0,7.0,8.0,9.0,16.0,16.0,22.0,15.0,19.0,15.0,9.0,8.0,12.0,18.0,12.0,13.0,9.0,15.0,7.0,9.0,13.0,10.0,10.0,4.0,9.0,6.0,7.0,9.0,9.0,15.0,12.0,17.0,7.0,4.0,6.0,8.0,10.0,12.0,9.0,6.0
239,E01010811,1.0,3.0,2.0,0.0,1.0,1.0,1.0,0.0,1.0,0.0,0.0,1.0,2.0,1.0,0.0,1.0,0.0,2.0,1.0,1.0,0.0,1.0,1.0,1.0,0.0,0.0,1.0,4.0,2.0,1.0,0.0,0.0,1.0,1.0,0.0,2.0,6.0,1.0,9.0,3.0,6.0,10.0,9.0,2.0,2.0,0.0,0.0,3.0,1.0,3.0,2.0,4.0,4.0,4.0,3.0,7.0,4.0,3.0,2.0,2.0
240,E01010812,0.0,1.0,0.0,1.0,0.0,0.0,0.0,0.0,0.0,1.0,0.0,0.0,3.0,0.0,2.0,2.0,1.0,1.0,0.0,0.0,7.0,2.0,4.0,1.0,0.0,1.0,1.0,2.0,0.0,5.0,0.0,0.0,0.0,1.0,1.0,0.0,1.0,2.0,1.0,0.0,1.0,1.0,0.0,2.0,3.0,0.0,1.0,2.0,0.0,2.0,0.0,0.0,0.0,1.0,1.0,1.0,0.0,1.0,0.0,1.0
241,E01010813,3.0,5.0,5.0,1.0,3.0,0.0,3.0,3.0,3.0,2.0,2.0,2.0,3.0,6.0,3.0,1.0,2.0,3.0,3.0,2.0,2.0,1.0,0.0,2.0,1.0,2.0,2.0,1.0,1.0,2.0,1.0,6.0,2.0,2.0,0.0,4.0,1.0,3.0,1.0,4.0,3.0,2.0,2.0,2.0,5.0,5.0,6.0,6.0,5.0,1.0,3.0,3.0,0.0,3.0,9.0,2.0,3.0,1.0,6.0,3.0
242,E01010814,1.0,0.0,1.0,0.0,0.0,1.0,2.0,5.0,1.0,0.0,0.0,2.0,0.0,6.0,2.0,0.0,0.0,3.0,1.0,1.0,0.0,0.0,1.0,4.0,3.0,0.0,3.0,1.0,0.0,1.0,1.0,2.0,2.0,1.0,11.0,2.0,1.0,5.0,0.0,3.0,4.0,3.0,3.0,2.0,2.0,1.0,3.0,1.0,1.0,1.0,1.0,0.0,1.0,1.0,2.0,6.0,2.0,1.0,2.0,1.0
243,E01010815,3.0,7.0,13.0,7.0,2.0,3.0,14.0,8.0,5.0,5.0,4.0,3.0,4.0,10.0,11.0,8.0,2.0,7.0,8.0,4.0,4.0,5.0,6.0,4.0,8.0,8.0,4.0,13.0,7.0,5.0,4.0,1.0,7.0,2.0,1.0,2.0,10.0,5.0,6.0,7.0,19.0,6.0,6.0,4.0,5.0,6.0,7.0,3.0,3.0,5.0,4.0,6.0,3.0,1.0,8.0,3.0,2.0,6.0,8.0,1.0
244,E01010816,0.0,1.0,0.0,0.0,0.0,1.0,0.0,0.0,0.0,3.0,0.0,1.0,0.0,2.0,1.0,4.0,2.0,2.0,4.0,1.0,2.0,2.0,0.0,2.0,2.0,3.0,1.0,1.0,4.0,1.0,0.0,1.0,1.0,2.0,0.0,0.0,0.0,1.0,1.0,1.0,0.0,0.0,0.0,2.0,1.0,0.0,1.0,0.0,1.0,0.0,1.0,0.0,0.0,4.0,0.0,0.0,1.0,0.0,0.0,0.0
245,E01010817,1.0,1.0,2.0,7.0,2.0,1.0,2.0,0.0,2.0,2.0,5.0,2.0,6.0,5.0,1.0,1.0,5.0,5.0,4.0,2.0,2.0,1.0,0.0,1.0,6.0,4.0,2.0,1.0,3.0,3.0,0.0,2.0,0.0,0.0,1.0,2.0,2.0,2.0,6.0,2.0,5.0,3.0,2.0,4.0,4.0,3.0,10.0,4.0,6.0,1.0,1.0,1.0,4.0,0.0,6.0,7.0,3.0,1.0,1.0,0.0
246,E01010818,0.0,1.0,0.0,3.0,1.0,0.0,0.0,0.0,0.0,0.0,0.0,0.0,0.0,1.0,0.0,1.0,1.0,1.0,2.0,1.0,1.0,0.0,0.0,1.0,0.0,0.0,0.0,4.0,0.0,1.0,2.0,0.0,0.0,0.0,0.0,0.0,1.0,2.0,2.0,1.0,0.0,0.0,0.0,0.0,1.0,0.0,1.0,1.0,1.0,1.0,1.0,2.0,1.0,1.0,0.0,1.0,0.0,3.0,1.0,2.0
247,E01010819,1.0,0.0,1.0,3.0,2.0,1.0,3.0,2.0,2.0,0.0,2.0,0.0,0.0,2.0,0.0,1.0,1.0,1.0,1.0,2.0,1.0,1.0,2.0,3.0,1.0,2.0,1.0,3.0,2.0,1.0,1.0,1.0,0.0,1.0,2.0,3.0,0.0,0.0,2.0,2.0,3.0,1.0,3.0,1.0,1.0,1.0,0.0,4.0,2.0,1.0,2.0,2.0,8.0,3.0,1.0,2.0,3.0,0.0,1.0,1.0
248,E01010820,1.0,0.0,1.0,1.0,2.0,1.0,0.0,0.0,2.0,0.0,1.0,1.0,1.0,5.0,1.0,6.0,0.0,1.0,0.0,0.0,1.0,0.0,2.0,0.0,0.0,0.0,0.0,1.0,1.0,1.0,0.0,0.0,1.0,2.0,1.0,1.0,2.0,3.0,0.0,3.0,3.0,1.0,0.0,1.0,1.0,1.0,1.0,1.0,7.0,1.0,3.0,1.0,3.0,2.0,0.0,1.0,1.0,2.0,8.0,1.0
249,E01010821,6.0,0.0,0.0,0.0,4.0,1.0,4.0,1.0,3.0,3.0,5.0,4.0,5.0,25.0,17.0,13.0,9.0,5.0,15.0,5.0,20.0,9.0,3.0,11.0,12.0,4.0,4.0,8.0,16.0,6.0,10.0,7.0,1.0,4.0,10.0,3.0,11.0,13.0,3.0,5.0,3.0,11.0,3.0,4.0,14.0,10.0,3.0,5.0,11.0,5.0,3.0,5.0,1.0,3.0,1.0,2.0,0.0,2.0,3.0,1.0
250,E01010822,0.0,0.0,0.0,0.0,1.0,1.0,1.0,0.0,4.0,0.0,2.0,1.0,0.0,1.0,1.0,1.0,2.0,1.0,1.0,2.0,3.0,4.0,2.0,2.0,6.0,2.0,1.0,0.0,1.0,0.0,0.0,0.0,0.0,1.0,0.0,0.0,0.0,0.0,2.0,0.0,3.0,4.0,1.0,0.0,0.0,2.0,2.0,0.0,2.0,0.0,0.0,0.0,0.0,0.0,1.0,0.0,3.0,0.0,2.0,2.0
251,E01010824,1.0,4.0,1.0,1.0,2.0,2.0,1.0,7.0,4.0,2.0,4.0,0.0,4.0,4.0,2.0,4.0,2.0,12.0,13.0,3.0,7.0,1.0,2.0,4.0,1.0,2.0,5.0,11.0,1.0,4.0,5.0,6.0,2.0,6.0,17.0,3.0,2.0,12.0,6.0,4.0,5.0,0.0,3.0,6.0,3.0,7.0,4.0,1.0,4.0,4.0,6.0,5.0,2.0,3.0,3.0,7.0,6.0,2.0,2.0,9.0
252,E01010825,1.0,2.0,0.0,0.0,0.0,0.0,0.0,0.0,0.0,0.0,0.0,0.0,0.0,0.0,0.0,0.0,1.0,0.0,0.0,1.0,0.0,0.0,0.0,0.0,0.0,0.0,0.0,1.0,0.0,0.0,0.0,0.0,0.0,0.0,1.0,0.0,0.0,1.0,0.0,2.0,1.0,0.0,0.0,0.0,0.0,0.0,0.0,0.0,0.0,0.0,0.0,0.0,0.0,0.0,0.0,0.0,0.0,0.0,1.0,0.0
253,E01010826,2.0,1.0,1.0,1.0,3.0,4.0,4.0,2.0,8.0,5.0,6.0,7.0,2.0,4.0,2.0,7.0,8.0,3.0,5.0,2.0,4.0,0.0,0.0,2.0,2.0,1.0,1.0,0.0,0.0,0.0,0.0,0.0,1.0,1.0,3.0,0.0,0.0,0.0,6.0,7.0,6.0,2.0,0.0,0.0,1.0,2.0,1.0,0.0,0.0,1.0,1.0,1.0,0.0,1.0,0.0,0.0,0.0,1.0,0.0,0.0
254,E01010827,0.0,0.0,0.0,1.0,1.0,0.0,1.0,0.0,0.0,0.0,0.0,0.0,0.0,1.0,0.0,0.0,0.0,0.0,0.0,0.0,0.0,0.0,0.0,0.0,0.0,0.0,0.0,0.0,0.0,1.0,1.0,0.0,0.0,3.0,2.0,1.0,0.0,2.0,1.0,1.0,1.0,0.0,1.0,0.0,2.0,0.0,1.0,2.0,0.0,0.0,2.0,1.0,0.0,0.0,2.0,2.0,4.0,1.0,1.0,0.0
255,E01010828,0.0,1.0,2.0,1.0,2.0,1.0,0.0,0.0,0.0,1.0,0.0,0.0,1.0,3.0,0.0,1.0,1.0,2.0,1.0,2.0,0.0,0.0,0.0,0.0,0.0,0.0,0.0,0.0,3.0,1.0,4.0,1.0,3.0,3.0,0.0,0.0,3.0,0.0,1.0,0.0,0.0,1.0,1.0,1.0,2.0,0.0,1.0,0.0,0.0,0.0,0.0,0.0,0.0,0.0,2.0,1.0,1.0,1.0,1.0,2.0
256,E01010829,1.0,0.0,2.0,0.0,0.0,0.0,1.0,1.0,2.0,3.0,0.0,2.0,5.0,4.0,4.0,1.0,0.0,1.0,0.0,0.0,1.0,1.0,0.0,1.0,2.0,2.0,3.0,3.0,5.0,2.0,0.0,2.0,5.0,4.0,2.0,3.0,2.0,8.0,9.0,1.0,0.0,3.0,0.0,1.0,2.0,7.0,2.0,2.0,0.0,3.0,4.0,2.0,2.0,2.0,2.0,0.0,1.0,2.0,0.0,1.0
257,E01010830,2.0,2.0,2.0,5.0,3.0,0.0,0.0,1.0,5.0,2.0,3.0,0.0,0.0,3.0,1.0,1.0,1.0,5.0,3.0,0.0,2.0,2.0,1.0,4.0,2.0,4.0,4.0,3.0,3.0,0.0,2.0,2.0,2.0,1.0,3.0,3.0,1.0,1.0,2.0,2.0,0.0,3.0,3.0,1.0,2.0,3.0,0.0,1.0,2.0,0.0,1.0,5.0,2.0,2.0,2.0,3.0,3.0,2.0,3.0,2.0
258,E01010831,9.0,4.0,3.0,8.0,3.0,0.0,5.0,2.0,2.0,9.0,8.0,6.0,4.0,8.0,3.0,6.0,2.0,3.0,4.0,3.0,2.0,2.0,3.0,4.0,3.0,1.0,3.0,1.0,1.0,2.0,2.0,0.0,2.0,1.0,3.0,0.0,3.0,1.0,3.0,1.0,1.0,1.0,2.0,0.0,1.0,5.0,2.0,2.0,3.0,2.0,1.0,1.0,0.0,1.0,2.0,0.0,0.0,0.0,1.0,2.0
259,E01010832,0.0,0.0,0.0,0.0,1.0,0.0,0.0,1.0,0.0,0.0,0.0,0.0,0.0,2.0,2.0,2.0,0.0,1.0,0.0,1.0,1.0,0.0,0.0,2.0,1.0,1.0,1.0,0.0,0.0,0.0,0.0,0.0,0.0,1.0,0.0,1.0,0.0,2.0,0.0,0.0,0.0,2.0,1.0,0.0,3.0,0.0,1.0,0.0,0.0,1.0,0.0,0.0,0.0,0.0,0.0,1.0,0.0,2.0,1.0,0.0
260,E01010833,0.0,0.0,0.0,0.0,3.0,2.0,1.0,0.0,3.0,0.0,2.0,1.0,1.0,0.0,3.0,0.0,0.0,0.0,1.0,1.0,3.0,3.0,1.0,1.0,0.0,3.0,3.0,1.0,2.0,1.0,0.0,1.0,1.0,2.0,2.0,3.0,2.0,4.0,2.0,0.0,0.0,3.0,1.0,4.0,1.0,1.0,2.0,2.0,0.0,0.0,3.0,2.0,2.0,2.0,1.0,2.0,3.0,1.0,1.0,1.0
261,E01010834,2.0,4.0,7.0,4.0,8.0,2.0,4.0,1.0,5.0,4.0,5.0,4.0,2.0,6.0,5.0,6.0,7.0,5.0,6.0,6.0,10.0,7.0,11.0,9.0,5.0,8.0,10.0,13.0,12.0,9.0,5.0,13.0,12.0,11.0,6.0,5.0,6.0,11.0,11.0,18.0,12.0,14.0,10.0,16.0,21.0,17.0,17.0,4.0,10.0,7.0,15.0,26.0,20.0,14.0,14.0,9.0,10.0,8.0,7.0,9.0
262,E01010835,0.0,0.0,1.0,0.0,0.0,0.0,0.0,0.0,0.0,0.0,0.0,0.0,1.0,0.0,0.0,1.0,0.0,1.0,1.0,3.0,2.0,1.0,1.0,1.0,1.0,1.0,1.0,0.0,0.0,0.0,1.0,0.0,2.0,1.0,2.0,2.0,2.0,3.0,0.0,5.0,3.0,1.0,2.0,2.0,0.0,1.0,0.0,0.0,1.0,5.0,0.0,0.0,0.0,0.0,0.0,0.0,1.0,4.0,2.0,2.0
263,E01010836,1.0,1.0,0.0,1.0,0.0,1.0,2.0,3.0,0.0,2.0,3.0,1.0,1.0,0.0,2.0,2.0,0.0,1.0,1.0,1.0,0.0,0.0,1.0,4.0,2.0,7.0,2.0,0.0,0.0,1.0,0.0,1.0,3.0,1.0,2.0,3.0,2.0,0.0,1.0,5.0,2.0,5.0,2.0,6.0,5.0,7.0,9.0,1.0,0.0,3.0,2.0,2.0,1.0,2.0,0.0,1.0,2.0,1.0,1.0,0.0
264,E01010837,0.0,0.0,1.0,1.0,0.0,0.0,0.0,0.0,1.0,0.0,4.0,3.0,1.0,2.0,1.0,1.0,4.0,2.0,5.0,2.0,1.0,0.0,3.0,1.0,0.0,3.0,1.0,3.0,2.0,5.0,3.0,1.0,0.0,1.0,2.0,1.0,0.0,1.0,1.0,0.0,0.0,2.0,4.0,0.0,0.0,1.0,2.0,2.0,3.0,4.0,1.0,1.0,1.0,1.0,1.0,2.0,1.0,1.0,0.0,1.0
265,E01010838,0.0,0.0,1.0,0.0,0.0,1.0,0.0,0.0,1.0,0.0,1.0,0.0,0.0,1.0,0.0,0.0,0.0,1.0,2.0,0.0,2.0,0.0,1.0,0.0,0.0,1.0,1.0,0.0,0.0,2.0,0.0,1.0,0.0,1.0,0.0,0.0,0.0,0.0,2.0,0.0,2.0,0.0,1.0,0.0,0.0,2.0,0.0,0.0,0.0,0.0,1.0,0.0,0.0,0.0,0.0,1.0,0.0,0.0,2.0,0.0
266,E01010839,2.0,0.0,1.0,0.0,0.0,2.0,2.0,1.0,2.0,0.0,0.0,0.0,1.0,0.0,1.0,1.0,3.0,2.0,3.0,2.0,0.0,2.0,0.0,1.0,0.0,1.0,1.0,4.0,4.0,0.0,0.0,0.0,0.0,1.0,0.0,0.0,2.0,1.0,1.0,0.0,1.0,1.0,0.0,0.0,0.0,1.0,2.0,1.0,0.0,1.0,0.0,0.0,0.0,0.0,0.0,1.0,1.0,1.0,0.0,0.0
267,E01010840,10.0,1.0,0.0,2.0,0.0,0.0,0.0,1.0,0.0,0.0,2.0,1.0,3.0,10.0,3.0,2.0,0.0,1.0,3.0,2.0,0.0,2.0,1.0,2.0,1.0,0.0,5.0,0.0,1.0,4.0,1.0,0.0,1.0,2.0,2.0,1.0,1.0,2.0,2.0,4.0,0.0,0.0,0.0,0.0,3.0,1.0,2.0,0.0,1.0,1.0,1.0,0.0,4.0,1.0,1.0,3.0,1.0,2.0,5.0,1.0
268,E01010841,0.0,0.0,1.0,1.0,1.0,0.0,2.0,1.0,4.0,2.0,3.0,1.0,0.0,0.0,0.0,1.0,0.0,5.0,0.0,1.0,2.0,2.0,2.0,0.0,2.0,3.0,3.0,4.0,1.0,1.0,5.0,2.0,0.0,2.0,2.0,1.0,0.0,2.0,4.0,2.0,0.0,0.0,3.0,4.0,1.0,5.0,1.0,2.0,2.0,5.0,3.0,5.0,3.0,3.0,7.0,6.0,2.0,2.0,8.0,2.0
269,E01010842,2.0,0.0,4.0,1.0,4.0,1.0,0.0,0.0,6.0,5.0,0.0,3.0,3.0,9.0,3.0,4.0,2.0,3.0,0.0,1.0,3.0,0.0,0.0,1.0,3.0,5.0,2.0,5.0,3.0,4.0,1.0,1.0,2.0,5.0,2.0,19.0,4.0,2.0,2.0,4.0,0.0,4.0,1.0,2.0,1.0,3.0,3.0,2.0,0.0,3.0,2.0,0.0,1.0,2.0,0.0,1.0,1.0,1.0,0.0,0.0
270,E01010843,0.0,3.0,4.0,2.0,0.0,1.0,0.0,1.0,0.0,1.0,0.0,0.0,1.0,4.0,3.0,1.0,0.0,2.0,0.0,1.0,0.0,0.0,0.0,1.0,0.0,2.0,1.0,0.0,0.0,0.0,0.0,1.0,1.0,2.0,0.0,0.0,1.0,1.0,0.0,0.0,1.0,0.0,1.0,2.0,0.0,1.0,1.0,2.0,1.0,0.0,0.0,1.0,0.0,0.0,0.0,1.0,0.0,1.0,1.0,1.0
271,E01010845,4.0,3.0,1.0,2.0,1.0,0.0,1.0,2.0,0.0,2.0,1.0,4.0,0.0,3.0,0.0,1.0,0.0,3.0,1.0,2.0,2.0,1.0,6.0,1.0,0.0,1.0,1.0,3.0,0.0,2.0,9.0,7.0,3.0,4.0,2.0,1.0,2.0,3.0,3.0,1.0,3.0,3.0,3.0,2.0,4.0,2.0,0.0,1.0,3.0,0.0,3.0,1.0,1.0,2.0,2.0,5.0,0.0,0.0,3.0,1.0
272,E01010846,0.0,0.0,0.0,0.0,0.0,0.0,2.0,2.0,2.0,0.0,0.0,0.0,0.0,0.0,0.0,1.0,3.0,3.0,1.0,0.0,2.0,0.0,4.0,1.0,0.0,2.0,2.0,3.0,2.0,6.0,0.0,2.0,1.0,1.0,0.0,2.0,0.0,0.0,3.0,3.0,4.0,2.0,1.0,1.0,1.0,2.0,3.0,7.0,5.0,3.0,3.0,6.0,2.0,7.0,0.0,0.0,3.0,2.0,1.0,0.0
273,E01010847,0.0,0.0,1.0,1.0,0.0,0.0,1.0,0.0,1.0,1.0,0.0,0.0,0.0,0.0,0.0,1.0,0.0,1.0,1.0,0.0,1.0,1.0,1.0,1.0,0.0,0.0,2.0,0.0,0.0,0.0,0.0,0.0,0.0,0.0,0.0,0.0,0.0,2.0,0.0,0.0,2.0,0.0,0.0,0.0,0.0,0.0,0.0,0.0,2.0,1.0,0.0,1.0,0.0,0.0,0.0,0.0,0.0,0.0,0.0,0.0
274,E01010848,0.0,0.0,0.0,1.0,0.0,1.0,0.0,0.0,0.0,0.0,0.0,0.0,1.0,1.0,0.0,0.0,0.0,0.0,1.0,0.0,1.0,0.0,1.0,0.0,0.0,0.0,1.0,2.0,2.0,0.0,0.0,0.0,0.0,0.0,0.0,2.0,1.0,0.0,0.0,2.0,0.0,1.0,2.0,1.0,1.0,0.0,0.0,0.0,1.0,0.0,0.0,0.0,1.0,1.0,2.0,2.0,0.0,0.0,1.0,0.0
275,E01010849,0.0,1.0,0.0,0.0,1.0,0.0,0.0,1.0,0.0,0.0,0.0,1.0,0.0,0.0,1.0,0.0,0.0,0.0,0.0,0.0,0.0,0.0,0.0,0.0,0.0,0.0,1.0,1.0,1.0,0.0,0.0,1.0,0.0,0.0,0.0,0.0,0.0,1.0,0.0,3.0,0.0,0.0,1.0,0.0,0.0,0.0,1.0,0.0,0.0,1.0,1.0,0.0,0.0,0.0,0.0,0.0,1.0,0.0,0.0,0.0
276,E01010850,1.0,1.0,0.0,1.0,1.0,1.0,3.0,1.0,0.0,2.0,0.0,1.0,1.0,2.0,1.0,2.0,2.0,0.0,0.0,0.0,2.0,2.0,1.0,0.0,0.0,0.0,1.0,0.0,2.0,1.0,0.0,1.0,1.0,1.0,0.0,0.0,1.0,0.0,0.0,0.0,0.0,1.0,5.0,3.0,0.0,0.0,1.0,1.0,2.0,1.0,2.0,0.0,2.0,0.0,2.0,1.0,0.0,0.0,3.0,0.0
277,E01010851,0.0,0.0,0.0,2.0,1.0,0.0,0.0,1.0,0.0,0.0,0.0,0.0,1.0,0.0,0.0,0.0,1.0,1.0,1.0,1.0,0.0,1.0,0.0,0.0,0.0,2.0,1.0,0.0,3.0,1.0,2.0,0.0,8.0,3.0,0.0,1.0,0.0,0.0,0.0,1.0,0.0,1.0,2.0,0.0,2.0,0.0,0.0,1.0,0.0,2.0,0.0,1.0,1.0,0.0,1.0,1.0,1.0,1.0,5.0,1.0
278,E01010852,0.0,0.0,0.0,0.0,0.0,0.0,0.0,0.0,0.0,0.0,0.0,2.0,0.0,0.0,1.0,1.0,2.0,1.0,0.0,0.0,0.0,1.0,1.0,0.0,0.0,0.0,0.0,0.0,8.0,0.0,1.0,1.0,1.0,3.0,0.0,2.0,0.0,0.0,0.0,1.0,0.0,1.0,1.0,2.0,1.0,2.0,0.0,0.0,0.0,1.0,0.0,0.0,1.0,0.0,0.0,0.0,0.0,2.0,1.0,0.0
279,E01010853,0.0,0.0,0.0,0.0,0.0,0.0,0.0,3.0,0.0,1.0,3.0,0.0,1.0,0.0,0.0,1.0,0.0,0.0,0.0,0.0,0.0,0.0,1.0,0.0,0.0,1.0,0.0,2.0,0.0,0.0,1.0,0.0,3.0,0.0,0.0,0.0,0.0,0.0,0.0,0.0,0.0,0.0,0.0,0.0,0.0,0.0,0.0,0.0,2.0,0.0,1.0,0.0,0.0,0.0,0.0,0.0,2.0,1.0,0.0,1.0
280,E01010854,0.0,0.0,0.0,3.0,2.0,0.0,1.0,1.0,0.0,1.0,0.0,0.0,1.0,0.0,2.0,0.0,1.0,1.0,0.0,0.0,0.0,0.0,0.0,1.0,1.0,0.0,0.0,0.0,0.0,1.0,2.0,2.0,1.0,1.0,1.0,1.0,1.0,0.0,0.0,0.0,0.0,0.0,1.0,0.0,0.0,0.0,1.0,3.0,1.0,0.0,2.0,1.0,1.0,1.0,2.0,0.0,4.0,2.0,2.0,2.0
281,E01010855,0.0,0.0,2.0,0.0,0.0,0.0,0.0,0.0,0.0,0.0,0.0,0.0,0.0,0.0,0.0,1.0,1.0,0.0,0.0,0.0,2.0,1.0,0.0,0.0,0.0,0.0,0.0,0.0,0.0,0.0,0.0,0.0,0.0,1.0,0.0,0.0,0.0,0.0,1.0,2.0,1.0,1.0,0.0,0.0,2.0,2.0,0.0,3.0,1.0,1.0,0.0,0.0,2.0,1.0,0.0,0.0,0.0,2.0,2.0,0.0
282,E01010856,3.0,0.0,0.0,1.0,0.0,0.0,2.0,0.0,1.0,0.0,0.0,0.0,0.0,2.0,2.0,1.0,1.0,0.0,1.0,2.0,0.0,0.0,1.0,1.0,1.0,1.0,1.0,0.0,1.0,3.0,0.0,0.0,0.0,0.0,0.0,0.0,0.0,0.0,0.0,0.0,0.0,2.0,2.0,2.0,0.0,1.0,1.0,1.0,0.0,1.0,0.0,0.0,0.0,0.0,0.0,0.0,0.0,0.0,3.0,1.0
283,E01010857,0.0,1.0,0.0,0.0,0.0,0.0,0.0,0.0,0.0,0.0,0.0,0.0,0.0,0.0,0.0,1.0,0.0,0.0,0.0,0.0,0.0,0.0,0.0,0.0,0.0,0.0,0.0,0.0,0.0,0.0,0.0,0.0,0.0,0.0,0.0,0.0,1.0,0.0,0.0,2.0,1.0,0.0,1.0,0.0,0.0,0.0,0.0,0.0,0.0,0.0,0.0,0.0,0.0,1.0,1.0,1.0,0.0,0.0,0.0,1.0
284,E01010858,0.0,0.0,0.0,2.0,1.0,0.0,0.0,1.0,1.0,0.0,1.0,0.0,0.0,0.0,0.0,0.0,0.0,0.0,0.0,0.0,0.0,0.0,0.0,0.0,0.0,1.0,0.0,0.0,1.0,0.0,0.0,1.0,0.0,0.0,0.0,0.0,1.0,1.0,0.0,0.0,0.0,0.0,1.0,0.0,0.0,2.0,0.0,0.0,0.0,1.0,0.0,0.0,0.0,0.0,0.0,0.0,2.0,0.0,2.0,0.0
285,E01010859,0.0,0.0,0.0,0.0,0.0,0.0,0.0,0.0,0.0,1.0,0.0,0.0,0.0,3.0,0.0,0.0,0.0,0.0,1.0,0.0,0.0,0.0,1.0,0.0,0.0,1.0,0.0,0.0,0.0,0.0,0.0,0.0,0.0,0.0,0.0,0.0,0.0,1.0,0.0,0.0,0.0,0.0,0.0,0.0,0.0,0.0,0.0,0.0,0.0,0.0,0.0,0.0,1.0,0.0,0.0,0.0,0.0,0.0,1.0,0.0
286,E01010860,0.0,0.0,0.0,0.0,0.0,0.0,0.0,0.0,0.0,0.0,1.0,0.0,0.0,0.0,1.0,0.0,0.0,0.0,0.0,0.0,1.0,1.0,0.0,0.0,1.0,0.0,0.0,0.0,1.0,0.0,2.0,0.0,0.0,1.0,1.0,0.0,0.0,0.0,0.0,1.0,1.0,0.0,1.0,0.0,0.0,0.0,1.0,0.0,1.0,0.0,0.0,0.0,0.0,0.0,1.0,0.0,0.0,0.0,0.0,0.0
287,E01010861,0.0,0.0,1.0,0.0,1.0,0.0,1.0,0.0,1.0,1.0,0.0,0.0,0.0,0.0,0.0,0.0,0.0,0.0,0.0,0.0,0.0,0.0,0.0,2.0,0.0,0.0,0.0,2.0,3.0,0.0,1.0,1.0,1.0,0.0,0.0,0.0,0.0,0.0,0.0,0.0,2.0,1.0,0.0,0.0,2.0,0.0,0.0,0.0,0.0,0.0,0.0,0.0,0.0,1.0,0.0,1.0,0.0,1.0,2.0,2.0
288,E01010862,0.0,0.0,0.0,0.0,0.0,0.0,0.0,0.0,0.0,1.0,0.0,0.0,0.0,0.0,0.0,1.0,0.0,0.0,0.0,0.0,0.0,0.0,0.0,0.0,0.0,0.0,1.0,1.0,0.0,0.0,1.0,0.0,0.0,0.0,0.0,0.0,0.0,0.0,0.0,0.0,0.0,0.0,2.0,0.0,1.0,3.0,1.0,1.0,0.0,0.0,1.0,4.0,2.0,0.0,1.0,0.0,0.0,2.0,0.0,1.0
289,E01010863,0.0,0.0,0.0,0.0,0.0,0.0,0.0,0.0,0.0,0.0,0.0,0.0,0.0,0.0,0.0,0.0,0.0,1.0,0.0,0.0,0.0,0.0,0.0,0.0,0.0,0.0,0.0,1.0,0.0,0.0,0.0,0.0,0.0,1.0,0.0,0.0,0.0,0.0,0.0,0.0,0.0,0.0,0.0,0.0,0.0,0.0,0.0,0.0,0.0,0.0,0.0,0.0,0.0,0.0,0.0,0.0,0.0,0.0,0.0,0.0
290,E01010864,0.0,0.0,0.0,0.0,0.0,0.0,0.0,0.0,0.0,0.0,0.0,0.0,2.0,1.0,0.0,0.0,1.0,0.0,0.0,1.0,1.0,0.0,2.0,1.0,0.0,2.0,1.0,0.0,0.0,0.0,0.0,3.0,2.0,0.0,0.0,0.0,0.0,0.0,0.0,0.0,0.0,1.0,2.0,0.0,0.0,1.0,3.0,1.0,1.0,0.0,1.0,0.0,0.0,2.0,4.0,0.0,0.0,0.0,0.0,0.0
291,E01010865,0.0,0.0,0.0,0.0,0.0,7.0,0.0,3.0,0.0,0.0,1.0,0.0,1.0,1.0,0.0,0.0,0.0,0.0,0.0,0.0,0.0,0.0,0.0,0.0,2.0,1.0,0.0,0.0,0.0,0.0,0.0,0.0,0.0,0.0,0.0,0.0,2.0,1.0,0.0,0.0,0.0,0.0,0.0,0.0,0.0,1.0,1.0,0.0,0.0,2.0,0.0,0.0,0.0,0.0,1.0,0.0,1.0,0.0,0.0,2.0
292,E01010866,1.0,1.0,1.0,0.0,0.0,0.0,1.0,0.0,1.0,0.0,1.0,0.0,0.0,1.0,0.0,0.0,0.0,1.0,0.0,2.0,0.0,0.0,1.0,0.0,1.0,1.0,2.0,0.0,1.0,0.0,1.0,4.0,0.0,1.0,8.0,7.0,18.0,1.0,5.0,4.0,4.0,5.0,2.0,3.0,0.0,3.0,0.0,0.0,1.0,0.0,1.0,0.0,2.0,1.0,0.0,1.0,1.0,1.0,0.0,0.0
293,E01010867,0.0,1.0,1.0,2.0,0.0,0.0,0.0,7.0,2.0,2.0,3.0,1.0,0.0,1.0,5.0,1.0,0.0,0.0,1.0,2.0,0.0,0.0,1.0,1.0,1.0,0.0,1.0,1.0,5.0,0.0,1.0,0.0,2.0,3.0,1.0,0.0,1.0,3.0,4.0,1.0,6.0,5.0,5.0,16.0,10.0,17.0,12.0,9.0,19.0,8.0,10.0,10.0,5.0,5.0,9.0,12.0,8.0,2.0,6.0,1.0
294,E01010868,1.0,1.0,1.0,0.0,1.0,0.0,2.0,2.0,0.0,2.0,0.0,0.0,0.0,3.0,0.0,1.0,1.0,0.0,2.0,1.0,1.0,3.0,2.0,0.0,3.0,1.0,1.0,2.0,0.0,1.0,4.0,0.0,0.0,1.0,2.0,2.0,1.0,0.0,2.0,1.0,3.0,0.0,3.0,2.0,4.0,2.0,0.0,0.0,2.0,0.0,1.0,0.0,1.0,1.0,0.0,0.0,1.0,1.0,1.0,0.0
295,E01010869,0.0,0.0,1.0,0.0,0.0,0.0,0.0,0.0,1.0,1.0,0.0,0.0,2.0,1.0,2.0,2.0,1.0,0.0,3.0,1.0,1.0,1.0,0.0,3.0,0.0,2.0,0.0,1.0,1.0,0.0,1.0,0.0,0.0,8.0,0.0,1.0,4.0,2.0,1.0,0.0,2.0,0.0,1.0,2.0,3.0,3.0,1.0,2.0,0.0,0.0,1.0,0.0,1.0,1.0,4.0,1.0,0.0,0.0,2.0,3.0
296,E01010870,0.0,0.0,0.0,0.0,0.0,0.0,0.0,1.0,0.0,0.0,2.0,0.0,0.0,1.0,1.0,5.0,1.0,2.0,2.0,1.0,1.0,0.0,0.0,0.0,1.0,1.0,0.0,0.0,0.0,0.0,0.0,0.0,0.0,0.0,0.0,0.0,0.0,0.0,2.0,1.0,0.0,1.0,0.0,0.0,1.0,0.0,1.0,1.0,0.0,1.0,0.0,0.0,0.0,0.0,1.0,1.0,0.0,0.0,0.0,0.0
297,E01010871,0.0,1.0,0.0,0.0,0.0,0.0,1.0,0.0,2.0,2.0,0.0,2.0,9.0,8.0,3.0,2.0,1.0,5.0,1.0,3.0,3.0,1.0,3.0,1.0,1.0,0.0,3.0,5.0,3.0,0.0,4.0,0.0,3.0,1.0,7.0,2.0,0.0,3.0,2.0,0.0,3.0,0.0,1.0,0.0,0.0,2.0,1.0,0.0,4.0,5.0,0.0,1.0,1.0,0.0,1.0,1.0,3.0,0.0,0.0,1.0
298,E01010872,5.0,6.0,4.0,3.0,3.0,2.0,4.0,6.0,3.0,6.0,4.0,9.0,9.0,7.0,14.0,6.0,3.0,4.0,7.0,2.0,0.0,3.0,7.0,11.0,12.0,5.0,3.0,1.0,1.0,2.0,1.0,3.0,6.0,1.0,6.0,3.0,7.0,1.0,1.0,6.0,6.0,4.0,5.0,2.0,3.0,4.0,4.0,5.0,5.0,4.0,5.0,7.0,5.0,6.0,3.0,3.0,1.0,6.0,2.0,7.0
299,E01010873,0.0,0.0,0.0,0.0,0.0,0.0,0.0,0.0,0.0,0.0,0.0,0.0,0.0,0.0,0.0,0.0,0.0,1.0,0.0,0.0,0.0,0.0,0.0,0.0,0.0,0.0,0.0,1.0,0.0,0.0,0.0,0.0,0.0,0.0,0.0,0.0,0.0,0.0,0.0,0.0,1.0,3.0,0.0,0.0,0.0,2.0,0.0,0.0,1.0,1.0,0.0,0.0,0.0,0.0,0.0,0.0,0.0,0.0,1.0,1.0
300,E01010874,0.0,0.0,1.0,0.0,1.0,0.0,2.0,0.0,1.0,0.0,0.0,3.0,0.0,0.0,4.0,0.0,0.0,2.0,0.0,1.0,1.0,1.0,0.0,2.0,0.0,1.0,1.0,2.0,0.0,0.0,1.0,0.0,0.0,2.0,1.0,2.0,1.0,0.0,1.0,0.0,1.0,0.0,1.0,0.0,1.0,5.0,1.0,4.0,1.0,1.0,1.0,2.0,3.0,4.0,1.0,1.0,2.0,2.0,0.0,1.0
301,E01033689,3.0,4.0,4.0,2.0,6.0,3.0,8.0,1.0,5.0,1.0,2.0,5.0,2.0,6.0,2.0,2.0,3.0,2.0,1.0,4.0,1.0,0.0,5.0,7.0,4.0,6.0,10.0,14.0,12.0,18.0,12.0,10.0,15.0,14.0,10.0,15.0,9.0,7.0,9.0,7.0,15.0,18.0,11.0,6.0,5.0,5.0,5.0,2.0,5.0,3.0,1.0,10.0,7.0,4.0,9.0,3.0,8.0,2.0,7.0,6.0
302,E01033690,2.0,8.0,4.0,4.0,10.0,10.0,10.0,9.0,6.0,8.0,7.0,6.0,3.0,11.0,9.0,9.0,3.0,8.0,10.0,8.0,4.0,10.0,7.0,13.0,4.0,11.0,5.0,17.0,20.0,19.0,17.0,10.0,16.0,21.0,10.0,12.0,11.0,4.0,4.0,6.0,9.0,8.0,17.0,8.0,7.0,5.0,10.0,7.0,9.0,5.0,7.0,6.0,13.0,9.0,12.0,7.0,10.0,15.0,11.0,17.0
303,E01033691,12.0,6.0,17.0,14.0,11.0,6.0,12.0,14.0,21.0,20.0,8.0,12.0,10.0,8.0,11.0,5.0,8.0,9.0,2.0,6.0,1.0,6.0,6.0,8.0,1.0,9.0,7.0,15.0,7.0,3.0,0.0,14.0,8.0,10.0,6.0,6.0,5.0,10.0,3.0,7.0,6.0,6.0,2.0,5.0,3.0,4.0,5.0,1.0,3.0,2.0,3.0,6.0,5.0,13.0,6.0,4.0,5.0,6.0,4.0,1.0
304,E01033692,1.0,1.0,4.0,1.0,5.0,1.0,2.0,1.0,1.0,1.0,1.0,0.0,3.0,2.0,3.0,4.0,4.0,2.0,0.0,0.0,2.0,2.0,1.0,0.0,3.0,2.0,1.0,2.0,2.0,3.0,0.0,1.0,2.0,5.0,3.0,0.0,0.0,3.0,3.0,2.0,0.0,4.0,4.0,1.0,2.0,1.0,1.0,1.0,2.0,2.0,5.0,1.0,0.0,2.0,7.0,3.0,2.0,5.0,3.0,5.0
305,E01033693,3.0,3.0,2.0,1.0,1.0,4.0,6.0,6.0,7.0,3.0,2.0,5.0,2.0,9.0,6.0,9.0,4.0,1.0,2.0,3.0,7.0,11.0,5.0,5.0,0.0,8.0,7.0,7.0,9.0,6.0,5.0,1.0,4.0,6.0,2.0,2.0,6.0,10.0,5.0,3.0,4.0,7.0,5.0,2.0,4.0,3.0,4.0,2.0,7.0,7.0,5.0,2.0,5.0,10.0,2.0,13.0,7.0,9.0,9.0,7.0
306,E01033694,1.0,0.0,2.0,0.0,1.0,0.0,0.0,0.0,0.0,0.0,0.0,2.0,0.0,0.0,0.0,0.0,0.0,2.0,0.0,0.0,0.0,0.0,1.0,0.0,1.0,0.0,0.0,0.0,0.0,1.0,0.0,0.0,0.0,0.0,1.0,2.0,0.0,0.0,0.0,0.0,0.0,0.0,0.0,0.0,2.0,0.0,1.0,0.0,0.0,1.0,2.0,0.0,0.0,0.0,1.0,0.0,0.0,0.0,0.0,1.0
307,E01033695,0.0,0.0,1.0,0.0,0.0,1.0,0.0,0.0,0.0,0.0,0.0,0.0,0.0,1.0,1.0,0.0,0.0,0.0,0.0,1.0,1.0,0.0,2.0,2.0,0.0,1.0,0.0,0.0,1.0,1.0,2.0,0.0,1.0,1.0,0.0,2.0,1.0,0.0,0.0,1.0,1.0,2.0,0.0,1.0,0.0,1.0,0.0,1.0,0.0,2.0,0.0,0.0,0.0,0.0,0.0,0.0,0.0,1.0,0.0,0.0
308,E01033696,0.0,0.0,0.0,0.0,0.0,0.0,0.0,1.0,0.0,0.0,0.0,1.0,0.0,0.0,0.0,0.0,0.0,0.0,0.0,0.0,0.0,0.0,0.0,0.0,1.0,0.0,0.0,0.0,0.0,1.0,0.0,3.0,1.0,1.0,0.0,0.0,0.0,5.0,0.0,1.0,1.0,0.0,0.0,0.0,2.0,5.0,4.0,0.0,0.0,0.0,0.0,0.0,0.0,0.0,2.0,0.0,0.0,0.0,1.0,3.0
309,E01033697,1.0,3.0,1.0,1.0,2.0,3.0,2.0,0.0,3.0,1.0,3.0,1.0,2.0,1.0,13.0,2.0,0.0,1.0,2.0,1.0,2.0,2.0,1.0,5.0,3.0,1.0,2.0,4.0,4.0,0.0,5.0,2.0,4.0,1.0,3.0,3.0,4.0,2.0,4.0,4.0,2.0,1.0,2.0,0.0,3.0,1.0,2.0,1.0,3.0,7.0,1.0,1.0,1.0,0.0,1.0,2.0,5.0,4.0,0.0,4.0
