2021 super output area - lower layer,mnemonic,Total_pop,Female,Male,Total_HHs,1_HH,2_HH,3_HH,4_HH_or_more,Age_24_below,Age_ 25_34,Age_35_49,Age_50_64,Age_65_over,"Asian, Asian British or Asian Welsh","Black, Black British, Black Welsh, Caribbean or African",Mixed or Multiple ethnic groups,White,Other ethnic group,Unemployment,IMD_score
Bradford 001A,E01010646,1348,739,609,667,246,274,70,77,244,64,193,320,527,11,4,13,1317,2,620,5.601
Bradford 001B,E01010647,1057,557,500,527,217,178,55,77,220,82,166,219,368,7,9,11,1031,0,480,11.33
Bradford 001C,E01010648,1379,721,658,658,199,301,80,78,260,86,208,326,498,7,2,17,1352,0,605,5.064
Bradford 001D,E01010692,1917,1013,904,906,359,322,94,131,360,79,327,491,661,32,2,26,1854,3,891,7.156
Bradford 002A,E01010691,1576,822,754,674,176,270,97,131,395,61,271,389,461,22,3,30,1518,2,621,3.679
Bradford 002B,E01010693,1476,760,716,573,107,239,85,142,369,78,245,321,463,34,5,25,1408,2,593,3.449
Bradford 002C,E01010694,1541,803,738,628,129,298,69,132,362,57,223,352,547,14,6,17,1502,2,716,4.893
Bradford 002D,E01010695,1554,845,709,848,405,276,90,77,299,168,250,353,485,39,9,34,1468,5,622,9.104
Bradford 002E,E01010696,1611,816,795,622,132,218,106,166,444,100,330,360,378,27,10,28,1542,6,547,5.119
Bradford 002F,E01010697,1449,783,666,637,200,249,75,113,299,94,207,333,517,25,4,25,1389,5,635,3.461
Bradford 002G,E01010698,1933,1023,910,959,396,319,134,110,436,238,361,390,506,34,15,69,1811,9,687,10.319
Bradford 002H,E01010699,1977,1045,932,890,319,272,137,162,572,165,393,377,468,22,4,57,1880,15,701,19.909
Bradford 003A,E01010767,1444,744,700,631,216,191,94,130,404,101,286,288,369,29,4,31,1377,1,517,11.811
Bradford 003B,E01010768,1626,823,803,646,122,246,128,150,464,121,312,422,307,27,2,21,1566,9,491,3.203
Bradford 003C,E01010769,1567,814,753,743,285,240,121,97,370,193,334,320,350,11,5,21,1528,4,502,8.228
Bradford 003D,E01010771,1224,625,599,494,85,214,92,103,303,94,236,243,354,19,4,26,1175,2,457,3.468
Bradford 005A,E01010770,1768,868,900,673,113,258,117,185,517,90,376,421,365,9,2,22,1733,1,561,4.754
Bradford 005B,E01010772,1269,651,618,508,96,215,74,123,329,72,232,282,356,26,12,17,1213,1,463,4.514
Bradford 005C,E01010773,1562,787,775,681,201,248,98,134,412,133,330,341,346,28,7,11,1503,10,478,4.663
Bradford 005D,E01010774,1596,820,776,754,248,302,96,108,353,175,287,338,443,11,9,25,1547,4,598,6.091
Bradford 006A,E01010706,1564,806,758,705,222,269,104,110,354,123,260,431,395,51,3,15,1489,9,564,8.263
Bradford 006B,E01010707,1831,873,958,795,236,313,109,137,446,227,334,435,394,320,5,49,1400,58,583,9.945
Bradford 006C,E01010708,1675,852,823,638,152,244,88,154,550,221,318,330,259,534,9,28,1086,18,552,23.242
Bradford 006D,E01010709,2718,1378,1340,1054,250,375,156,273,835,247,589,514,533,420,13,42,2223,17,854,11.122
Bradford 007A,E01010719,1862,922,940,516,113,99,60,244,872,238,377,203,173,1395,9,30,380,48,692,45.97
Bradford 007B,E01010727,1707,837,870,752,265,278,79,130,413,180,334,376,404,339,8,27,1311,22,652,26.63
Bradford 007C,E01010728,1894,953,941,516,135,97,57,227,794,265,389,237,210,1301,7,24,521,43,750,42.281
Bradford 007D,E01010729,1723,890,833,489,84,164,46,195,576,183,303,257,403,899,8,28,726,62,745,19.962
Bradford 008A,E01010700,1644,813,831,465,104,81,58,222,744,264,352,176,106,1152,12,27,414,37,605,49.099
Bradford 008B,E01010701,1505,766,739,434,115,67,56,196,686,231,312,145,131,1205,9,14,254,23,590,54.949
Bradford 008C,E01010702,2060,1058,1002,489,104,63,45,277,907,308,424,193,224,1787,5,18,202,50,829,47.355
Bradford 008D,E01010703,1661,888,773,649,176,227,98,148,569,235,332,276,249,584,7,32,1034,3,540,32.407
Bradford 008E,E01010704,1359,679,680,608,198,213,97,100,395,197,266,272,230,85,3,22,1244,6,444,28.901
Bradford 008F,E01010705,1654,878,776,680,164,257,124,135,452,163,292,352,397,129,0,37,1489,2,565,16.747
Bradford 008G,E01010710,2001,915,1086,939,541,155,72,171,681,401,404,354,161,971,27,35,908,59,862,74.227
Bradford 009A,E01010712,1701,840,861,474,119,72,54,229,810,254,379,160,99,1215,22,19,421,24,617,46.266
Bradford 009B,E01010720,1522,816,706,632,210,193,88,141,566,199,289,270,191,387,5,41,1069,17,561,54.436
Bradford 009C,E01010721,1922,1008,914,806,254,253,135,164,678,297,351,341,259,217,20,73,1579,35,620,61.852
Bradford 009D,E01010723,1582,803,779,489,125,99,65,200,698,257,359,149,118,1158,15,13,368,26,604,56.224
Bradford 009E,E01010724,1386,713,673,609,223,187,83,116,452,162,291,262,218,280,10,34,1048,16,529,44.509
Bradford 009F,E01010725,1533,793,740,693,272,217,92,112,464,204,292,321,252,260,6,29,1239,0,534,33.412
Bradford 010A,E01010579,1509,766,743,637,158,272,92,115,320,104,255,345,485,63,12,22,1408,4,631,4.691
Bradford 010B,E01010580,2513,1299,1214,1051,279,394,172,206,661,205,499,541,609,89,13,42,2358,13,840,4.293
Bradford 010C,E01010764,1620,819,801,687,154,306,100,127,370,97,277,405,471,42,1,24,1547,6,611,7.376
Bradford 010D,E01010765,2282,1179,1103,1107,424,370,167,146,524,276,415,509,556,58,26,32,2151,13,807,15.944
Bradford 010E,E01010766,1216,642,574,539,139,232,77,91,271,73,220,281,371,19,1,13,1178,8,446,2.593
Bradford 011A,E01010711,1535,690,845,865,516,199,63,87,452,225,308,254,295,367,19,62,1080,8,780,75.65
Bradford 011B,E01010713,1567,825,742,652,186,218,126,122,554,239,280,266,228,93,19,50,1391,10,559,57.386
Bradford 011C,E01010714,1383,714,669,623,209,225,97,92,451,190,263,262,217,164,4,29,1191,0,450,37.77
Bradford 011D,E01010716,1990,994,996,946,369,316,125,136,565,299,379,441,305,63,35,70,1805,19,702,40.958
Bradford 012A,E01010715,1065,572,493,466,141,165,77,83,326,111,175,237,218,35,4,19,1002,6,402,40.236
Bradford 012B,E01010717,1636,889,747,691,213,227,117,134,574,242,295,286,241,189,1,45,1388,12,510,37.382
Bradford 012C,E01010718,1515,803,712,654,225,211,83,135,546,181,273,318,198,15,19,38,1439,6,562,52.571
Bradford 012D,E01010726,1426,705,721,610,167,239,85,119,341,177,211,355,342,110,1,17,1289,5,522,11.886
Bradford 012E,E01010859,1837,963,874,777,170,331,147,129,475,236,287,394,444,63,2,46,1722,4,646,11.505
Bradford 013A,E01010573,1830,926,904,817,215,339,132,131,422,131,342,508,428,32,6,12,1772,4,648,11.205
Bradford 013B,E01010574,1406,740,666,639,216,249,81,93,291,96,239,295,485,26,6,27,1343,6,603,9.573
Bradford 013C,E01010575,1574,822,752,757,279,284,98,96,326,126,278,348,495,25,0,12,1530,6,661,10.712
Bradford 013D,E01010577,1552,790,762,655,152,286,87,130,396,101,294,375,387,21,10,30,1486,5,547,8.878
Bradford 014A,E01010722,1639,823,816,645,180,227,90,148,557,208,308,311,258,168,16,32,1419,1,618,49.685
Bradford 014B,E01010860,1723,881,842,737,187,292,130,128,460,194,334,404,330,23,5,24,1669,2,504,12.123
Bradford 014C,E01010862,1634,834,800,719,218,254,120,127,443,194,317,393,292,4,3,27,1600,4,481,10.637
Bradford 014D,E01010863,1413,715,698,606,146,249,110,101,353,147,257,357,299,21,5,20,1368,2,457,9.31
Bradford 015A,E01010578,1604,816,788,773,313,283,89,88,333,182,333,384,372,56,7,28,1511,2,591,20.479
Bradford 015B,E01010581,1645,831,814,704,182,276,124,122,484,222,321,330,288,26,15,41,1561,5,471,20.228
Bradford 015C,E01010582,1669,855,814,743,262,225,132,124,460,250,392,310,258,22,3,37,1600,6,458,16.534
Bradford 015D,E01010584,1769,913,856,902,412,273,108,109,465,299,339,368,299,72,20,35,1636,6,579,30.58
Bradford 015E,E01010585,2009,1034,975,1031,493,289,121,128,488,216,410,364,527,74,17,45,1855,16,760,20.995
Bradford 016A,E01010568,1719,853,866,826,298,293,136,99,412,167,332,355,449,42,9,25,1635,6,618,10.903
Bradford 016B,E01010569,1756,903,853,843,339,257,120,127,459,203,361,345,389,21,17,39,1674,5,666,35.343
Bradford 016C,E01010571,1944,966,978,938,377,302,129,130,595,321,398,311,320,54,27,85,1766,12,594,32.622
Bradford 016D,E01010572,1483,769,714,674,179,285,124,86,302,177,257,361,387,26,4,28,1422,2,523,11.414
Bradford 016E,E01010576,1516,800,716,670,194,286,81,109,348,150,238,374,404,57,7,14,1429,9,535,7.727
Bradford 017A,E01010683,2299,1171,1128,1042,304,405,187,146,555,440,493,515,298,118,15,58,2088,19,493,10.449
Bradford 017B,E01010684,1508,806,702,667,205,247,111,104,405,143,273,366,320,28,11,83,1385,2,492,15.633
Bradford 017C,E01010685,1680,865,815,778,264,296,94,124,413,180,339,371,376,32,5,31,1611,3,527,20.487
Bradford 017D,E01010686,1755,895,860,778,220,302,128,128,424,157,340,379,456,48,6,37,1663,3,628,14.398
Bradford 018A,E01010570,1498,745,753,585,106,259,92,128,346,87,262,336,466,60,4,19,1411,3,603,6.04
Bradford 018B,E01010583,1260,633,627,586,212,206,75,93,344,132,240,276,267,47,7,40,1163,4,493,44.32
Bradford 018C,E01010784,1579,837,742,773,308,265,104,96,394,274,382,294,235,54,13,61,1426,22,454,29.675
Bradford 018D,E01010785,1569,838,731,869,451,255,82,81,302,295,336,307,331,101,23,47,1398,3,500,14.151
Bradford 018E,E01010786,1587,847,740,550,141,177,71,161,466,122,323,293,383,451,10,61,1050,13,635,16.717
Bradford 018F,E01010790,1601,837,764,602,116,230,106,150,473,166,328,288,349,400,6,23,1141,34,540,10.471
Bradford 019A,E01010680,1789,975,814,855,334,287,124,110,670,269,321,298,231,23,27,74,1657,8,719,55.665
Bradford 019B,E01010681,1503,759,744,575,80,255,100,140,393,181,265,372,290,156,12,32,1267,36,430,6.058
Bradford 019C,E01010682,1433,772,661,683,285,189,109,100,398,176,266,296,296,38,14,48,1327,4,562,43.802
Bradford 019D,E01010687,1802,915,887,737,171,279,142,145,483,221,397,434,265,41,12,43,1701,5,462,7.478
Bradford 019E,E01010688,1901,949,952,853,316,271,123,143,528,292,420,381,279,70,23,73,1728,9,498,22.905
Bradford 019F,E01010689,1954,995,959,878,279,312,152,135,512,371,393,405,273,116,15,73,1744,7,494,20.905
Bradford 019G,E01010690,1859,949,910,854,348,252,116,138,447,223,355,402,429,145,10,47,1627,30,669,16.928
Bradford 020B,E01010782,2225,1113,1112,1101,509,283,170,139,716,380,524,371,234,134,46,73,1947,22,740,53.659
Bradford 020C,E01010787,1562,803,759,688,235,234,83,136,387,151,317,347,359,277,18,37,1220,10,573,15.053
Bradford 020D,E01010788,1394,689,705,578,211,181,73,113,386,186,300,270,256,209,11,52,1101,22,457,19.318
Bradford 020E,E01033689,1249,558,691,843,544,224,48,27,299,342,271,223,113,121,14,48,1051,15,457,40.389
Bradford 020F,E01033694,1059,520,539,569,255,196,70,48,232,194,284,212,138,55,13,32,954,5,315,23.425
Bradford 021A,E01010776,1608,828,780,682,203,233,119,127,515,200,324,318,253,115,46,56,1378,19,574,39.221
Bradford 021B,E01010777,1472,722,750,780,382,231,77,90,463,264,281,288,177,109,16,38,1305,5,569,67.63
Bradford 021C,E01010779,1609,859,750,767,283,260,114,110,460,250,291,290,320,53,5,37,1502,10,572,39.706
Bradford 021D,E01010781,1475,783,692,621,197,190,107,127,482,225,291,291,185,38,18,45,1369,8,485,31.292
Bradford 021E,E01010783,1572,803,769,683,215,228,107,133,436,199,276,336,326,122,7,50,1364,28,527,24.018
Bradford 022A,E01010586,1602,854,748,741,217,313,111,100,327,166,233,409,467,25,2,30,1542,1,631,5.11
Bradford 022B,E01010587,2062,1063,999,886,266,311,132,177,552,225,449,482,354,191,8,37,1809,17,612,13.879
Bradford 022C,E01010588,1585,833,752,678,190,252,111,125,410,160,300,371,340,221,16,43,1277,26,563,15.377
Bradford 022D,E01010589,1355,736,619,644,206,271,82,85,263,109,243,304,437,27,6,10,1302,9,541,7.337
Bradford 022E,E01010591,1593,829,764,706,226,250,118,112,465,191,287,283,366,217,1,55,1305,14,578,26.953
Bradford 022F,E01010593,1698,907,791,776,232,316,121,107,401,188,309,370,427,59,10,30,1591,7,598,13.764
Bradford 022G,E01010596,1536,796,740,637,169,242,103,123,375,140,273,325,425,214,4,55,1240,25,606,12.444
Bradford 023A,E01010854,1736,881,855,845,341,277,121,106,428,231,384,372,324,27,5,21,1675,3,545,22.232
Bradford 023B,E01010855,1613,819,794,734,213,319,109,93,332,146,255,473,407,7,5,25,1570,4,613,21.655
Bradford 023C,E01010856,1478,778,700,752,309,284,85,74,335,165,292,374,310,10,4,28,1431,4,525,26.843
Bradford 023D,E01010857,1614,831,783,738,209,321,103,105,342,130,280,407,451,5,7,10,1586,3,611,19.285
Bradford 023E,E01010858,1569,802,767,728,243,271,105,109,368,157,309,423,312,10,9,17,1528,4,472,13.142
Bradford 023F,E01010861,1767,887,880,772,199,325,117,131,413,186,292,447,433,9,4,25,1726,5,617,10.13
Bradford 024A,E01010603,1626,840,786,635,161,198,115,161,487,235,282,326,296,269,11,61,1273,14,556,23.458
Bradford 024B,E01010604,1800,917,883,765,223,287,117,138,447,216,279,378,480,271,10,29,1454,36,715,19.588
Bradford 024C,E01010605,1599,810,789,652,221,176,103,152,569,203,288,339,202,163,41,85,1305,6,566,44.393
Bradford 024D,E01010775,1778,897,881,701,151,259,132,159,498,247,315,374,342,367,20,51,1300,40,586,13.533
Bradford 024E,E01010778,2040,1075,965,810,218,267,141,184,752,305,419,337,226,348,51,91,1443,107,642,38.241
Bradford 025A,E01010789,1834,929,905,681,251,129,98,203,687,233,411,273,232,818,27,44,888,55,678,32.376
Bradford 025B,E01010791,1832,906,926,526,134,107,64,221,669,233,382,295,251,1239,14,45,489,46,677,29.879
Bradford 025C,E01010792,1989,1006,983,600,186,90,56,268,832,263,418,294,182,1460,19,44,420,49,770,41.28
Bradford 025D,E01010793,1845,913,932,588,185,104,77,222,733,308,340,287,177,1281,12,42,478,30,679,32.329
Bradford 026A,E01010652,1661,852,809,799,314,274,100,111,425,199,273,328,436,138,20,42,1462,1,658,26.928
Bradford 026B,E01010653,1968,1030,938,838,264,266,150,158,727,276,388,327,249,102,60,91,1675,40,653,54.553
Bradford 026C,E01010655,1506,832,674,580,120,224,111,125,624,216,295,228,143,69,15,101,1315,4,534,57.583
Bradford 026D,E01010656,1560,819,741,615,182,194,96,143,471,177,277,325,311,366,6,37,1123,27,567,25.164
Bradford 026E,E01010657,1440,781,659,669,222,249,120,78,406,250,245,298,240,119,1,50,1267,3,475,29.106
Bradford 027A,E01010649,1457,699,758,665,245,212,102,106,416,232,286,306,216,131,41,43,1235,6,470,38.892
Bradford 027B,E01010650,2168,1160,1008,732,145,162,170,255,973,298,473,307,120,273,68,81,1719,28,676,51.501
Bradford 027C,E01010654,1712,887,825,673,207,177,113,176,680,230,370,259,171,56,36,80,1533,9,539,58.621
Bradford 027D,E01010826,1670,846,824,533,133,107,99,194,801,215,332,220,102,844,29,46,679,70,571,61.295
Bradford 028A,E01010597,1544,777,767,621,175,198,107,141,464,234,272,335,240,445,20,62,969,44,504,29.52
Bradford 028B,E01010598,1671,869,802,640,178,212,89,161,514,220,284,329,323,673,21,65,883,28,626,21.875
Bradford 028C,E01010599,1374,721,653,460,94,127,81,158,499,198,273,234,169,682,42,64,537,56,441,32.875
Bradford 028D,E01010600,1448,770,678,472,105,128,66,173,518,174,292,235,230,871,21,49,426,81,564,30.771
Bradford 028E,E01010602,1654,838,816,655,211,181,114,149,557,239,335,287,237,711,18,62,820,46,558,27.098
Bradford 029A,E01010670,1843,931,912,459,99,92,49,219,707,247,373,305,211,1305,27,53,405,52,780,31.041
Bradford 029B,E01010671,1735,898,837,513,128,84,74,227,669,252,370,232,210,1366,8,28,279,53,643,27.791
Bradford 029C,E01010673,1977,943,1034,487,95,74,50,268,830,309,451,214,173,1621,17,82,219,37,848,42.601
Bradford 029D,E01010675,2154,1077,1077,643,184,136,69,254,745,265,421,344,378,1482,26,50,528,72,956,28.986
Bradford 030A,E01010669,2231,1196,1035,645,130,117,97,301,991,278,488,271,204,1706,25,56,398,48,779,32.157
Bradford 030B,E01010674,2273,1153,1120,639,117,109,99,314,1116,303,543,214,98,1658,38,67,423,87,772,45.12
Bradford 030D,E01010805,1838,917,921,509,129,91,60,229,747,255,398,236,201,1298,20,63,383,72,730,33.802
Bradford 030E,E01033898,1594,811,783,456,73,97,60,226,733,275,300,187,97,1174,12,43,333,31,577,#N/A
Bradford 030F,E01033899,1651,894,757,475,45,89,126,215,887,328,300,108,26,1240,34,61,238,80,554,#N/A
Bradford 031A,E01010590,2200,1127,1073,931,233,373,152,173,560,258,394,537,451,84,8,32,2069,5,690,13.5
Bradford 031B,E01010592,1665,912,753,779,261,300,103,115,400,171,330,302,464,37,6,47,1575,1,646,15.792
Bradford 031C,E01010594,1670,874,796,710,171,284,135,120,444,188,280,402,356,34,9,42,1578,7,546,16.723
Bradford 031D,E01010595,2137,1072,1065,959,339,307,145,168,648,290,440,439,321,90,31,56,1944,16,626,27.1
Bradford 032A,E01010601,1831,944,887,770,281,214,109,166,629,253,379,322,247,422,6,65,1320,17,548,27.172
Bradford 032B,E01010651,1671,840,831,638,159,214,95,170,550,244,302,321,256,405,9,54,1189,17,497,21.218
Bradford 032C,E01010825,1539,783,756,576,159,178,83,156,544,207,328,253,208,547,31,50,900,11,478,28.01
Bradford 032D,E01010827,1557,740,817,558,159,141,69,189,585,232,304,245,191,735,34,47,722,16,540,33.054
Bradford 033A,E01010804,2292,1158,1134,479,43,65,56,315,925,374,461,309,221,2139,16,24,65,47,905,36.119
Bradford 033B,E01010806,1683,871,812,499,133,101,45,220,703,229,341,253,158,1327,33,26,231,65,667,39.749
Bradford 033C,E01010807,2326,1136,1190,856,377,148,89,242,906,484,433,280,225,1774,82,73,322,77,978,48.563
Bradford 033D,E01010808,2335,1180,1155,551,55,82,69,345,1099,339,508,259,133,2146,19,22,107,40,951,46.668
Bradford 033E,E01010809,2152,1111,1041,488,65,60,61,302,936,306,439,266,204,1987,22,14,66,62,941,49.006
Bradford 034A,E01010676,2420,1213,1207,561,96,56,64,345,1033,378,516,278,214,2108,84,63,68,94,1013,50.758
Bradford 034B,E01010679,2103,1055,1048,611,221,88,71,231,806,310,437,299,253,1482,65,41,397,119,951,71.145
Bradford 034C,E01010824,1917,959,958,749,362,141,73,173,734,345,394,287,155,1010,74,71,679,83,773,61.725
Bradford 034D,E01010840,1882,946,936,543,174,70,55,244,767,284,336,244,250,1563,79,37,175,31,893,62.245
Bradford 034E,E01010841,1835,872,963,487,155,57,33,242,756,257,408,205,209,1580,33,24,177,21,753,60.474
Bradford 035A,E01010828,1640,851,789,724,317,186,86,135,536,230,318,286,270,551,36,51,969,32,679,45.552
Bradford 035B,E01010829,1694,817,877,604,219,122,64,199,689,196,389,251,170,986,36,42,565,65,714,47.912
Bradford 035C,E01010830,2429,1196,1233,770,208,142,104,316,1198,321,526,227,158,1555,102,69,616,89,921,53.073
Bradford 035D,E01010831,2197,1050,1147,626,204,82,46,294,987,395,434,261,121,1635,55,72,364,68,829,50.743
Bradford 035E,E01010832,2429,1246,1183,582,99,72,66,345,1163,288,479,287,212,1862,35,94,398,40,983,46.628
Bradford 036A,E01010672,1347,686,661,554,164,171,107,112,413,186,262,264,222,324,19,55,928,23,418,13.078
Bradford 036B,E01010678,1419,700,719,555,177,162,76,140,464,138,275,271,271,684,14,31,672,16,542,22.17
Bradford 036C,E01010799,1598,823,775,661,220,219,81,141,524,191,299,312,272,617,35,44,868,35,596,35.542
Bradford 036D,E01010800,1833,977,856,701,213,182,109,197,756,194,383,286,215,507,94,127,1061,41,722,68.848
Bradford 036E,E01010801,2025,1037,988,645,186,130,79,250,825,268,437,286,208,1322,30,84,551,38,747,29.593
Bradford 036F,E01010802,2065,1104,961,783,208,218,149,208,833,355,402,287,186,603,72,151,1175,65,636,47.136
Bradford 037A,E01010803,1916,993,923,572,110,119,97,246,846,302,434,205,129,1426,42,48,337,64,791,55.03
Bradford 037B,E01010810,2219,1120,1099,561,75,93,70,323,1000,289,514,253,163,1783,25,35,291,87,828,31.681
Bradford 037C,E01010811,2249,1150,1099,585,107,77,82,319,1070,310,527,222,120,1907,32,33,179,96,873,46.498
Bradford 037D,E01010813,1905,965,940,527,127,92,64,244,850,281,406,218,152,1470,34,72,267,63,830,57.274
Bradford 038A,E01010618,1805,925,880,517,120,89,80,228,812,261,337,269,126,1311,50,85,328,32,685,53.623
Bradford 038B,E01010619,2216,1132,1084,524,67,52,81,324,967,341,455,283,170,1942,55,45,104,71,824,36.802
Bradford 038C,E01010625,1847,966,881,512,95,75,81,261,907,234,388,200,116,1356,24,56,366,45,735,54.864
Bradford 038D,E01010626,2144,1075,1069,523,54,79,88,302,998,282,455,278,130,1798,21,45,232,49,816,52.186
Bradford 038E,E01010627,1662,827,835,535,112,142,83,198,663,246,347,255,151,1037,9,54,531,35,578,50.874
Bradford 040A,E01010628,1857,957,900,673,177,209,105,182,611,237,328,296,385,775,36,49,947,50,734,37.516
Bradford 040B,E01010629,2309,1199,1110,639,114,152,75,298,963,263,500,284,294,1700,61,45,469,35,893,32.372
Bradford 040C,E01010630,1941,991,950,670,179,152,93,246,815,234,448,234,210,1191,25,46,648,27,625,36.135
Bradford 040D,E01010631,1591,851,740,549,125,156,92,176,653,191,318,277,151,544,80,83,826,57,611,53.89
Bradford 040E,E01010632,1536,802,734,561,158,138,99,166,674,240,316,201,105,603,40,97,726,67,551,58.146
Bradford 041A,E01010658,1987,1021,966,611,118,147,83,263,861,258,437,249,182,1317,39,69,416,147,737,39.28
Bradford 041B,E01010812,2074,1008,1066,618,142,114,103,259,952,345,417,243,115,1362,110,27,435,141,818,56.316
Bradford 041C,E01010833,1741,878,863,596,209,125,66,196,749,321,331,202,137,1132,94,54,353,108,741,52.981
Bradford 041D,E01010843,2045,1024,1021,451,55,40,59,297,978,253,451,212,149,1923,14,16,44,48,917,62.116
Bradford 042A,E01010620,2011,990,1021,556,132,93,76,255,853,280,461,241,176,1575,65,38,238,94,854,56.981
Bradford 042B,E01010621,2336,1137,1199,535,51,59,78,347,1115,339,488,274,120,2197,43,17,51,26,939,42.27
Bradford 042C,E01010622,2627,1337,1290,667,125,93,93,356,1223,363,568,300,174,2149,148,28,247,53,1092,52.793
Bradford 042D,E01010623,1699,830,869,569,199,86,75,209,698,267,346,208,180,1215,42,29,330,81,749,66.301
Bradford 042E,E01010624,2170,1055,1115,584,133,93,62,296,970,301,466,274,159,1815,96,43,132,87,1015,54.574
Bradford 043A,E01010794,1983,1031,952,800,238,269,118,175,559,214,372,355,483,524,38,60,1305,54,807,30.649
Bradford 043B,E01010795,1939,977,962,837,263,289,136,149,563,226,414,439,296,80,27,54,1763,11,568,24.331
Bradford 043C,E01010796,1692,876,816,712,228,221,118,145,515,175,329,344,329,164,17,49,1455,9,656,35.219
Bradford 043D,E01010797,1414,713,701,580,106,259,120,95,373,150,278,359,256,115,17,31,1248,3,371,15.653
Bradford 043E,E01010798,1503,760,743,717,297,228,104,88,402,208,272,330,291,73,4,71,1351,4,537,26.417
Bradford 044A,E01010834,2849,1330,1519,775,495,113,34,133,1554,596,439,153,111,1326,407,94,843,183,1733,31.905
Bradford 044C,E01010836,2051,961,1090,550,150,82,93,225,905,425,401,205,116,1424,181,47,249,147,874,34.733
Bradford 044D,E01010837,2108,1068,1040,507,62,61,75,309,899,315,445,253,197,1819,37,47,113,94,923,43.596
Bradford 044E,E01010838,2184,1066,1118,576,111,67,91,307,1101,353,393,226,111,1606,191,25,236,125,850,53.651
Bradford 044F,E01010839,1683,857,826,530,173,80,78,199,712,285,358,178,149,1156,53,48,344,83,740,54.755
Bradford 044G,E01033900,1584,770,814,407,74,58,52,223,758,214,344,148,120,1265,67,40,74,137,684,#N/A
Bradford 044H,E01033901,1666,844,822,407,45,64,64,234,737,246,348,195,141,1362,68,93,105,40,673,#N/A
Bradford 045A,E01010608,1739,893,846,482,100,83,70,229,785,249,392,200,111,1483,34,40,150,32,729,52.418
Bradford 045B,E01010613,1644,882,762,698,297,159,83,159,592,206,313,323,210,528,53,68,908,84,675,58.727
Bradford 045C,E01010730,1278,587,691,665,357,149,71,88,346,221,295,245,172,256,137,81,681,127,675,75.905
Bradford 045D,E01010734,1552,766,786,492,114,104,77,197,712,241,318,195,85,528,105,46,798,74,547,51.049
Bradford 046A,E01010609,1614,852,762,697,253,198,115,131,539,209,323,292,253,403,33,87,1073,21,598,52.854
Bradford 046B,E01010610,2096,1131,965,881,315,242,140,184,855,342,414,321,163,446,87,134,1406,26,783,63.029
Bradford 046C,E01010611,2226,1151,1075,898,287,255,168,188,858,369,447,310,242,726,80,101,1285,33,798,45.769
Bradford 046D,E01010614,1708,762,946,604,174,194,110,126,759,216,286,261,186,432,72,59,1127,16,675,53.147
Bradford 047A,E01010633,1505,772,733,675,236,230,91,118,426,180,281,293,323,427,23,45,995,17,514,23.378
Bradford 047B,E01010634,1569,807,762,655,169,257,116,113,405,209,249,373,332,131,5,21,1403,8,518,17.501
Bradford 047C,E01010635,1460,768,692,663,268,183,90,122,470,206,240,303,240,310,30,67,1037,16,695,65.517
Bradford 047D,E01010636,1701,898,803,743,241,274,91,137,419,181,318,404,379,280,27,47,1317,31,612,17.115
Bradford 047E,E01010637,2050,1316,734,571,143,177,114,137,1068,175,324,298,181,850,19,56,1097,29,627,26.304
Bradford 048A,E01010731,1615,731,884,632,322,108,51,151,666,330,326,177,118,812,112,69,441,180,690,49.845
Bradford 048B,E01010732,1613,827,786,455,104,64,69,218,779,212,344,178,99,1087,108,50,292,77,628,52.993
Bradford 048C,E01010733,1668,816,852,579,236,84,67,192,662,240,346,255,166,1146,73,59,309,82,827,63.238
Bradford 048D,E01010736,2057,1038,1019,622,144,105,106,267,1023,319,438,200,78,1111,111,64,640,132,667,49.248
Bradford 048E,E01010737,1680,841,839,521,149,72,103,197,770,257,323,191,139,1072,124,58,323,104,685,68.418
Bradford 049A,E01010659,1957,1069,888,620,149,131,110,230,878,212,456,235,173,1187,60,70,555,87,789,62.067
Bradford 049D,E01010662,1483,775,708,500,99,147,80,174,551,177,322,231,202,799,23,68,565,28,495,29.897
Bradford 049E,E01010664,1594,804,790,535,129,136,89,181,589,199,316,237,252,994,11,72,457,56,587,26.416
Bradford 049G,E01010761,1714,909,805,677,216,215,91,155,540,210,318,325,320,615,41,47,923,89,669,30.293
Bradford 049H,E01033695,2168,1172,996,737,143,196,171,227,802,255,496,402,212,610,41,98,1365,52,607,19.892
Bradford 049I,E01033696,1592,807,785,698,209,254,106,129,451,226,345,319,252,220,40,50,1267,13,480,15.584
Bradford 049J,E01033697,2824,1422,1402,792,134,152,116,390,1227,402,616,367,212,2286,64,68,293,113,1107,48.278
Bradford 050A,E01010663,1797,908,889,672,265,116,100,191,739,278,375,224,178,945,122,58,581,96,718,62.805
Bradford 050B,E01010665,1899,978,921,629,147,156,109,217,713,269,442,258,214,1183,73,70,527,47,685,33.429
Bradford 050C,E01010666,1759,939,820,688,287,145,86,170,730,243,339,234,211,687,39,69,886,78,788,73.106
Bradford 050D,E01010667,1862,934,928,598,123,140,102,233,840,293,381,214,134,1053,91,57,587,75,676,45.152
Bradford 051A,E01010735,1876,930,946,549,128,94,74,253,958,233,367,224,92,1224,119,45,401,84,827,69.178
Bradford 051B,E01010738,2064,1009,1055,573,117,87,71,298,954,250,489,250,123,1453,61,61,368,121,836,41.433
Bradford 051C,E01010739,2075,996,1079,629,117,140,111,261,1069,231,438,207,130,1231,88,127,522,107,872,66.752
Bradford 051D,E01010740,1920,932,988,536,103,93,64,276,830,279,406,237,170,1500,63,27,226,105,794,37.383
Bradford 051E,E01010744,1843,947,896,467,52,72,80,263,844,267,396,225,113,1433,33,56,250,75,695,54.662
Bradford 052A,E01010612,1448,724,724,591,234,123,93,141,643,227,280,197,102,83,86,131,1120,24,502,75.825
Bradford 052B,E01010819,1493,755,738,658,277,149,101,131,555,221,272,275,168,25,76,52,1318,21,627,75.768
Bradford 052C,E01010820,1454,733,721,619,232,166,90,131,522,185,225,297,224,92,154,45,1158,7,714,72.553
Bradford 052D,E01010821,1931,1069,862,787,254,210,148,175,812,343,390,249,137,85,104,97,1640,9,644,56.12
Bradford 052E,E01010822,1273,651,622,542,202,136,97,107,501,145,232,240,152,82,39,34,1113,5,505,67.825
Bradford 053A,E01010615,1370,696,674,541,155,184,72,130,466,172,277,259,195,355,17,41,928,31,480,36.838
Bradford 053B,E01010616,1934,1021,913,607,137,133,94,243,848,225,413,245,201,997,124,74,687,51,714,46.584
Bradford 053C,E01010742,2096,1067,1029,577,128,90,72,287,1045,281,429,218,121,1327,151,58,476,80,788,52.944
Bradford 053D,E01010743,1675,792,883,630,248,124,90,168,681,227,364,280,126,1002,111,57,425,79,739,57.235
Bradford 054A,E01010847,1619,828,791,692,228,210,122,132,503,236,299,332,248,387,8,52,1153,16,521,28.757
Bradford 054B,E01010848,1585,831,754,663,232,198,94,139,474,206,295,326,284,419,15,65,1076,9,525,27.367
Bradford 054C,E01010852,1957,1021,936,704,204,181,88,231,756,304,363,274,259,1056,43,45,789,30,716,38.244
Bradford 054D,E01010853,1430,726,704,495,107,150,76,162,528,181,278,237,206,594,36,52,724,27,486,22.942
Bradford 055A,E01010668,1475,762,713,499,109,142,88,160,536,168,292,251,222,746,9,23,648,41,501,18.18
Bradford 055B,E01010755,2006,1078,928,733,164,198,167,204,821,389,415,257,127,255,56,102,1580,17,522,52.014
Bradford 055C,E01010762,1572,801,771,612,207,151,99,155,563,214,321,295,182,699,24,39,790,24,548,30.839
Bradford 055D,E01010763,1647,847,800,644,167,238,96,143,518,212,308,284,325,481,21,45,1059,40,605,30.596
Bradford 055E,E01010846,2138,1133,1005,859,247,298,120,194,734,257,413,436,298,374,66,89,1593,18,712,30.493
Bradford 056A,E01010745,1898,966,932,614,122,148,117,227,866,242,430,232,128,979,60,82,667,109,723,47.839
Bradford 056B,E01010747,1606,819,787,646,223,187,81,155,543,186,302,304,269,659,19,43,836,49,607,33.695
Bradford 056C,E01010748,1612,847,765,698,261,176,131,130,568,192,289,307,261,95,100,76,1334,8,598,54.323
Bradford 056D,E01010749,1337,725,612,637,243,212,94,88,406,136,255,300,242,65,32,61,1167,11,484,41.74
Bradford 057A,E01010814,1625,844,781,796,359,232,88,117,462,221,282,387,272,106,25,46,1435,15,608,45.537
Bradford 057B,E01010815,2591,1326,1265,972,252,253,206,261,1017,360,561,422,231,483,116,132,1815,43,765,37.327
Bradford 057C,E01010816,1912,950,962,795,212,288,137,158,520,240,357,481,310,124,64,65,1647,12,563,17.402
Bradford 057D,E01010817,2660,1419,1241,985,283,232,202,268,1033,403,566,377,283,342,138,136,2011,32,828,45.04
Bradford 057E,E01010818,2082,1058,1024,793,203,246,136,208,656,223,428,465,308,566,38,60,1343,74,627,18.509
Bradford 058A,E01010752,2125,1077,1048,951,336,318,126,171,652,331,432,438,268,241,26,44,1794,23,606,34.208
Bradford 058B,E01010753,1316,665,651,614,185,261,91,77,276,162,186,284,410,15,1,10,1287,2,542,13.818
Bradford 058C,E01010754,1558,790,768,682,218,227,111,126,438,192,312,378,239,42,6,27,1482,1,445,18.481
Bradford 058D,E01010756,1801,902,899,750,206,236,165,143,534,292,366,368,239,74,11,53,1648,15,506,23.666
Bradford 058E,E01010758,1293,654,639,505,93,196,86,130,352,147,249,359,186,34,8,19,1232,0,362,9.606
Bradford 058F,E01010759,1557,773,784,739,292,219,125,103,457,214,263,321,302,23,6,25,1502,1,506,35.092
Bradford 058G,E01010760,1918,951,967,743,137,287,141,178,564,198,398,458,297,49,5,41,1823,1,499,12.591
Bradford 059A,E01010741,1400,738,662,652,235,225,109,83,372,160,226,356,287,156,11,40,1192,1,479,26.721
Bradford 059B,E01010845,2096,1111,985,850,301,207,130,212,814,263,419,343,257,171,98,127,1685,16,741,58.247
Bradford 059C,E01010849,1399,711,688,607,176,223,105,103,361,169,236,300,335,126,2,21,1243,7,483,23.04
Bradford 059D,E01010850,1392,721,671,506,123,122,115,146,572,202,275,248,97,67,9,52,1260,3,460,67.754
Bradford 059E,E01010851,1424,729,695,641,199,254,85,103,392,196,275,316,245,134,19,47,1216,11,481,26.665
Bradford 059F,E01010864,1239,627,612,520,153,165,99,103,410,150,253,275,146,54,43,57,1071,13,408,38.428
Bradford 059G,E01010867,1756,878,878,699,189,213,139,158,625,276,398,269,190,113,30,63,1538,12,465,29.129
Bradford 059H,E01010874,1511,805,706,608,216,150,105,137,524,239,292,218,239,52,41,48,1344,25,513,48.931
Bradford 060A,E01010746,2042,1059,983,814,216,288,135,175,597,257,341,417,430,514,39,68,1393,27,775,22.217
Bradford 060B,E01010750,1521,786,735,680,203,255,131,91,382,192,261,341,350,145,11,30,1324,19,542,23.662
Bradford 060C,E01010751,1400,716,684,675,257,237,91,90,339,167,210,322,363,56,6,35,1292,8,601,30.628
Bradford 060D,E01010865,1595,817,778,730,230,275,125,100,415,202,293,342,342,45,20,30,1496,5,542,24.256
Bradford 060E,E01010866,1324,677,647,613,215,217,102,79,326,171,255,289,283,66,10,46,1191,10,425,23.738
Bradford 061A,E01010868,1663,866,797,698,230,196,117,155,580,230,305,324,224,64,56,87,1450,5,637,55.682
Bradford 061B,E01010869,1760,941,819,778,243,298,109,128,536,242,340,302,342,68,19,56,1584,29,649,36.145
Bradford 061C,E01010870,1421,737,684,672,240,236,96,100,321,140,250,331,377,23,7,25,1366,1,528,17.77
Bradford 061D,E01010871,1715,864,851,804,284,279,132,109,413,257,351,408,281,108,14,37,1546,7,531,36.552
Bradford 061E,E01010872,1864,1007,857,725,218,194,109,204,712,260,342,277,272,45,34,36,1739,11,679,54.41
Bradford 061F,E01010873,1204,627,577,504,128,204,77,95,302,149,174,297,283,36,7,26,1129,7,442,17.79
Bradford 062A,E01010638,1431,723,708,689,249,264,92,84,270,133,226,375,430,11,0,3,1414,4,560,14.053
Bradford 062B,E01010642,2054,1061,993,890,176,452,131,131,440,210,308,484,618,10,13,30,1992,9,789,7.305
Bradford 062C,E01010645,1801,927,874,742,161,313,128,140,430,215,375,391,389,108,13,8,1666,6,568,8.68
Bradford 062D,E01010644,2058,1087,971,827,213,291,144,179,594,286,429,382,368,118,17,30,1881,12,576,15.575
Bradford 062E,E01010643,1350,668,682,670,266,245,88,71,273,245,242,322,268,37,8,15,1283,7,404,14.606
Bradford 063A,E01010640,1707,867,840,832,325,293,98,116,467,280,350,328,281,14,5,25,1659,3,461,18.993
Bradford 063B,E01010641,1520,806,714,641,184,252,95,110,349,132,276,287,478,3,11,26,1479,0,654,13.785
Bradford 063C,E01010639,1996,991,1005,985,401,330,134,120,472,274,385,384,478,41,6,19,1929,3,667,14.784
Bradford 064A,E01033693,2833,1384,1449,937,350,176,103,308,1305,528,590,269,140,2001,157,87,437,150,1181,67.256
Bradford 064B,E01010617,1717,895,822,616,220,143,59,194,732,249,400,204,134,1019,122,66,405,106,806,70.94
Bradford 064C,E01010607,2147,1065,1082,621,164,100,80,277,931,416,434,248,120,1765,56,29,256,41,876,52.623
Bradford 064D,E01033692,1114,505,609,611,345,147,62,57,373,300,267,142,35,399,105,40,515,51,355,41.046
Bradford 064E,E01010606,2043,983,1060,588,176,81,76,255,890,333,403,259,158,1491,75,46,309,120,938,63.905
Bradford 065A,E01010842,2304,1086,1218,628,189,80,63,296,1047,340,487,271,157,1831,111,76,221,65,1002,63.301
Bradford 065B,E01033691,2285,1079,1206,1007,516,184,119,188,861,546,524,220,134,1195,231,61,649,151,931,61.466
Bradford 065C,E01033690,1858,833,1025,1051,609,269,101,72,598,677,439,121,20,619,189,99,761,189,588,33.188
